,CustomerID,Recency,Frequency,Monetary,R_Score,F_Score,M_Score,RFM_Score
1,12359,0,93,2386.41,5,5,5,15
2,12753,90,69,9341.13,5,5,5,15
3,12758,120,56,1570.19,5,5,5,15
4,13488,0,136,3395.76,5,5,5,15
5,14800,91,112,1757.84,5,5,5,15
6,15764,120,59,1120.93,5,5,5,15
7,15834,150,151,1281.37,5,5,5,15
8,16951,121,70,1053.79,5,5,5,15
9,17406,61,99,2200.42,5,5,5,15
10,17450,30,60,20649.04,5,5,5,15
11,17686,60,68,1592.61,5,5,5,15
12,12477,29,52,2355.95,5,4,5,14
13,12484,153,98,1138.67,4,5,5,14
14,12501,153,149,2169.39,4,5,5,14
15,12583,60,42,1907.58,5,4,5,14
16,12682,214,74,2912.14,4,5,5,14
17,12712,0,32,1254.73,5,4,5,14
18,13334,152,124,1660.44,4,5,5,14
19,13340,120,51,3678.03,5,4,5,14
20,13344,151,68,1656.15,4,5,5,14
21,13680,183,69,2391.59,4,5,5,14
22,13715,214,89,1079.34,4,5,5,14
23,13975,120,111,678.76,5,5,4,14
24,14081,60,126,934.52,5,5,4,14
25,14367,120,82,983.16,5,5,4,14
26,14395,91,54,689.36,5,5,4,14
27,14505,183,156,1367.41,4,5,5,14
28,14669,30,106,842.45,5,5,4,14
29,15464,214,155,1048.85,4,5,5,14
30,15719,183,138,1044.8,4,5,5,14
31,16456,182,52,1236.68,4,5,5,14
32,17107,181,63,1695.21,4,5,5,14
33,17365,30,75,742.66,5,5,4,14
34,17537,90,60,630.7,5,5,4,14
35,17634,151,109,1240.69,4,5,5,14
36,12428,332,194,4969.22,3,5,5,13
37,12462,90,40,762.11,5,4,4,13
38,12567,243,132,3179.11,3,5,5,13
39,12652,0,48,919.98,5,4,4,13
40,12662,120,44,899.58,5,4,4,13
41,12857,60,34,801.6,5,4,4,13
42,13162,91,37,753.26,5,4,4,13
43,13373,120,50,987.7,5,4,4,13
44,13599,183,38,1302.55,4,4,5,13
45,13758,91,28,1141.25,5,3,5,13
46,14030,152,66,983.73,4,5,4,13
47,14587,0,108,523.92,5,5,3,13
48,14903,181,56,533.18,4,5,4,13
49,15416,301,69,1375.24,3,5,5,13
50,15485,152,33,1278.63,4,4,5,13
51,15752,151,103,641.4,4,5,4,13
52,15819,120,41,639.64,5,4,4,13
53,16255,152,61,893.21,4,5,4,13
54,16303,61,35,827.18,5,4,4,13
55,16655,0,39,812.25,5,4,4,13
56,16735,91,33,660.36,5,4,4,13
57,16771,214,99,951.62,4,5,4,13
58,17048,0,36,760.4,5,4,4,13
59,17191,242,90,820.88,4,5,4,13
60,17284,153,130,716.11,4,5,4,13
61,17337,301,230,1026.72,3,5,5,13
62,17416,273,98,2114.71,3,5,5,13
63,17426,301,66,1193.88,3,5,5,13
64,12433,476,79,3787.12,2,5,5,12
65,12480,153,42,816.25,4,4,4,12
66,12793,91,21,545.48,5,3,4,12
67,12947,153,31,605.7,4,4,4,12
68,13107,61,21,566.84,5,3,4,12
69,13126,214,31,547.31,4,4,4,12
70,13183,91,20,625.04,5,3,4,12
71,13451,91,43,401.49,5,4,3,12
72,13593,153,39,559.85,4,4,4,12
73,13722,301,46,1463.47,3,4,5,12
74,13764,183,69,499.89,4,5,3,12
75,13842,153,48,907.53,4,4,4,12
76,14048,152,83,409.93,4,5,3,12
77,14161,181,46,546.19,4,4,4,12
78,14214,151,37,638.65,4,4,4,12
79,14506,332,70,566.86,3,5,4,12
80,14670,242,107,411.53,4,5,3,12
81,14817,151,34,580.79,4,4,4,12
82,15270,29,12,1013.5,5,2,5,12
83,15676,332,61,897.8,3,5,4,12
84,15750,332,61,612.57,3,5,4,12
85,15953,0,28,654.22,5,3,4,12
86,16225,151,61,416.61,4,5,3,12
87,16709,273,31,1120.53,3,4,5,12
88,16712,120,50,370.77,5,4,3,12
89,16748,91,18,609.8,5,3,4,12
90,16842,60,30,520.57,5,4,3,12
91,16873,415,68,2157.64,2,5,5,12
92,17162,151,43,636.16,4,4,4,12
93,17324,0,17,702.23,5,3,4,12
94,17569,30,29,344.14,5,4,3,12
95,17672,274,41,1177.84,3,4,5,12
96,17809,29,15,1861.7,5,2,5,12
97,17827,415,109,1271.8,2,5,5,12
98,17884,333,86,602.84,3,5,4,12
99,12502,274,31,617.25,3,4,4,11
100,12557,30,9,4037.12,5,1,5,11
101,12679,332,42,794.06,3,4,4,11
102,12913,29,12,866.39,5,2,4,11
103,13013,629,64,1528.34,1,5,5,11
104,13047,274,34,825.53,3,4,4,11
105,13110,332,40,540.15,3,4,4,11
106,13706,60,20,330.79,5,3,3,11
107,13800,274,33,558.32,3,4,4,11
108,13875,29,24,340.65,5,3,3,11
109,13881,151,17,1699.24,4,2,5,11
110,13908,120,28,496,5,3,3,11
111,14217,30,19,378.8,5,3,3,11
112,14270,0,29,492.65,5,3,3,11
113,14320,30,23,352.51,5,3,3,11
114,14321,61,29,326.82,5,3,3,11
115,14388,273,38,714.25,3,4,4,11
116,14407,120,19,357.18,5,3,3,11
117,14443,302,36,608.4,3,4,4,11
118,14462,243,48,456.52,4,4,3,11
119,14466,242,17,1035.65,4,2,5,11
120,14730,120,49,277.17,5,4,2,11
121,14732,244,37,673.98,3,4,4,11
122,14739,214,18,943.44,4,3,4,11
123,14934,301,39,828.84,3,4,4,11
124,15067,301,35,848.05,3,4,4,11
125,15171,0,5,1289.5,5,1,5,11
126,15271,183,40,364.85,4,4,3,11
127,15406,29,42,252.29,5,4,2,11
128,15572,181,36,445.91,4,4,3,11
129,15749,30,5,22998.4,5,1,5,11
130,15796,60,19,343.92,5,3,3,11
131,15799,91,22,320.22,5,3,3,11
132,15998,354,118,863.39,2,5,4,11
133,16241,244,67,438.03,3,5,3,11
134,16244,657,63,1056.63,1,5,5,11
135,16350,61,22,376.7,5,3,3,11
136,16567,153,26,557.56,4,3,4,11
137,16676,183,29,464.82,4,4,3,11
138,16791,30,48,255.38,5,4,2,11
139,16850,61,19,332.41,5,3,3,11
140,16889,153,47,523.05,4,4,3,11
141,17105,182,38,319.4,4,4,3,11
142,17555,91,48,195.45,5,4,2,11
143,17700,273,36,602.61,3,4,4,11
144,17738,301,41,779.92,3,4,4,11
145,17843,90,36,205.48,5,4,2,11
146,17863,302,41,890.7,3,4,4,11
147,17940,60,5,1226.88,5,1,5,11
148,18102,152,11,39766.09,4,2,5,11
149,18159,29,23,530.15,5,3,3,11
150,18178,274,32,633.95,3,4,4,11
151,18230,60,18,464.82,5,3,3,11
152,12410,243,26,693.33,3,3,4,10
153,12413,183,24,479.25,4,3,3,10
154,12429,445,20,1281.5,2,3,5,10
155,12576,121,19,266.85,5,3,2,10
156,12584,242,18,463.63,4,3,3,10
157,12614,151,20,315.6,4,3,3,10
158,12623,120,18,305.1,5,3,2,10
159,12643,30,2,871.2,5,1,4,10
160,12755,242,4,3811.95,4,1,5,10
161,12836,333,39,846.69,2,4,4,10
162,12866,332,26,559.12,3,3,4,10
163,13166,332,39,417.2,3,4,3,10
164,13187,182,37,236.02,4,4,2,10
165,13309,243,34,390.71,3,4,3,10
166,13448,415,31,829.54,2,4,4,10
167,13455,476,30,692.94,2,4,4,10
168,13476,273,29,727.6,3,3,4,10
169,13523,476,30,566.95,2,4,4,10
170,13629,214,6,1425,4,1,5,10
171,13931,242,20,378.21,4,3,3,10
172,13959,272,31,337.44,3,4,3,10
173,14045,183,4,1251.75,4,1,5,10
174,14194,243,30,516.95,3,4,3,10
175,14209,30,16,347.95,5,2,3,10
176,14293,152,22,508.02,4,3,3,10
177,14312,183,22,436.37,4,3,3,10
178,14411,302,14,1063,3,2,5,10
179,14431,60,17,470.36,5,2,3,10
180,14465,60,7,597.3,5,1,4,10
181,14514,0,26,255.25,5,3,2,10
182,14586,120,19,237.36,5,3,2,10
183,14600,152,25,393.33,4,3,3,10
184,14653,214,29,344.81,4,3,3,10
185,14672,153,34,285.28,4,4,2,10
186,14740,332,30,521.1,3,4,3,10
187,14778,243,18,334.05,4,3,3,10
188,15032,476,28,2770.6,2,3,5,10
189,15090,243,23,381.32,4,3,3,10
190,15100,61,1,876,5,1,4,10
191,15114,29,17,259.05,5,3,2,10
192,15133,29,10,333.2,5,2,3,10
193,15220,242,23,316.11,4,3,3,10
194,15326,61,29,311.71,5,3,2,10
195,15332,476,29,1661.06,2,3,5,10
196,15346,30,17,252.42,5,3,2,10
197,15622,301,29,576,3,3,4,10
198,15658,274,21,576.4,3,3,4,10
199,15681,242,17,345.68,4,3,3,10
200,15898,507,60,521.69,2,5,3,10
201,15970,90,11,314.1,5,2,3,10
202,16016,476,59,382.27,2,5,3,10
203,16065,445,71,372.09,2,5,3,10
204,16110,333,111,409.7,2,5,3,10
205,16212,332,30,498.15,3,4,3,10
206,16242,150,23,211.36,5,3,2,10
207,16425,60,21,302.7,5,3,2,10
208,16449,242,23,416.69,4,3,3,10
209,16520,445,60,325.76,2,5,3,10
210,16532,214,1,1910.4,4,1,5,10
211,16549,91,33,119.49,5,4,1,10
212,16571,273,29,436.68,3,4,3,10
213,16795,445,64,414.88,2,5,3,10
214,16833,91,18,309.48,5,3,2,10
215,16917,120,9,391.52,5,2,3,10
216,17059,568,115,722.36,1,5,4,10
217,17198,445,73,521.66,2,5,3,10
218,17223,302,43,426.79,3,4,3,10
219,17226,243,21,393.49,4,3,3,10
220,17228,333,43,479.38,3,4,3,10
221,17341,476,127,513.6,2,5,3,10
222,17507,273,44,340.56,3,4,3,10
223,17508,242,22,387.31,4,3,3,10
224,17585,214,28,417.81,4,3,3,10
225,17646,273,25,596.85,3,3,4,10
226,17696,151,22,493.84,4,3,3,10
227,17770,301,21,603.17,3,3,4,10
228,17849,61,11,345.1,5,2,3,10
229,17873,273,18,700.93,3,3,4,10
230,17897,507,63,434.62,2,5,3,10
231,18043,476,59,316.46,2,5,3,10
232,18225,152,24,468.82,4,3,3,10
233,18226,183,21,417.3,4,3,3,10
234,12386,183,10,401.9,4,2,3,9
235,12483,244,13,547.56,3,2,4,9
236,12489,153,15,334.93,4,2,3,9
237,12530,153,13,387.4,4,2,3,9
238,12561,60,16,238.85,5,2,2,9
239,12601,30,14,257.36,5,2,2,9
240,12754,151,49,61.62,4,4,1,9
241,12838,688,59,390.79,1,5,3,9
242,12957,244,29,413.68,3,3,3,9
243,13094,29,3,528.96,5,1,3,9
244,13137,243,39,217.93,3,4,2,9
245,13370,629,39,754.87,1,4,4,9
246,13473,30,12,241.26,5,2,2,9
247,13497,301,19,348.05,3,3,3,9
248,13590,90,13,309.06,5,2,2,9
249,13656,183,31,162.7,4,4,1,9
250,13802,333,20,969.74,2,3,4,9
251,13871,243,23,456.05,3,3,3,9
252,14012,151,11,328.8,4,2,3,9
253,14044,274,54,173.74,3,5,1,9
254,14127,302,20,314.63,3,3,3,9
255,14256,415,32,523.86,2,4,3,9
256,14292,301,19,463,3,3,3,9
257,14475,121,16,306.55,5,2,2,9
258,14497,273,29,475.37,3,3,3,9
259,14499,181,41,126.02,4,4,1,9
260,14504,181,32,147.23,4,4,1,9
261,14549,333,56,289.24,2,5,2,9
262,14555,59,14,197.94,5,2,2,9
263,14570,242,29,218.06,4,3,2,9
264,14577,354,34,346.9,2,4,3,9
265,14676,332,11,556.32,3,2,4,9
266,14828,153,5,582,4,1,4,9
267,14995,242,37,119.31,4,4,1,9
268,15092,332,19,323.16,3,3,3,9
269,15104,301,28,374.64,3,3,3,9
270,15234,120,14,197,5,2,2,9
271,15241,332,28,395.33,3,3,3,9
272,15301,537,34,673.37,1,4,4,9
273,15426,568,74,411.42,1,5,3,9
274,15643,301,23,337.1,3,3,3,9
275,15649,153,1,816,4,1,4,9
276,15680,476,30,478.89,2,4,3,9
277,15716,568,35,547.1,1,4,4,9
278,15806,120,16,300.36,5,2,2,9
279,15809,60,13,198.8,5,2,2,9
280,15838,302,3,1235,3,1,5,9
281,15862,688,64,354.23,1,5,3,9
282,15880,568,95,343.28,1,5,3,9
283,15944,120,6,325.1,5,1,3,9
284,16030,274,28,331.24,3,3,3,9
285,16122,30,16,249.84,5,2,2,9
286,16128,301,20,388.3,3,3,3,9
287,16274,688,64,357.95,1,5,3,9
288,16359,0,15,301.65,5,2,2,9
289,16550,537,48,554.66,1,4,4,9
290,16718,568,41,623.75,1,4,4,9
291,16955,153,14,354.98,4,2,3,9
292,17147,333,18,409.5,3,3,3,9
293,17259,537,74,381.64,1,5,3,9
294,17291,243,1,550.8,4,1,4,9
295,17334,60,11,307.02,5,2,2,9
296,17457,243,7,717.06,4,1,4,9
297,17596,537,56,392.62,1,5,3,9
298,17618,354,41,320.28,2,4,3,9
299,17742,30,13,302.57,5,2,2,9
300,17774,152,26,219.99,4,3,2,9
301,17817,150,12,269.7,5,2,2,9
302,17850,657,21,5391.21,1,3,5,9
303,17859,121,23,148.21,5,3,1,9
304,17924,29,2,502.2,5,1,3,9
305,17976,657,56,353.19,1,5,3,9
306,18171,61,15,240.45,5,2,2,9
307,18202,333,23,485.73,3,3,3,9
308,18250,302,21,349.27,3,3,3,9
309,12350,302,17,334.4,3,2,3,8
310,12541,242,17,312.4,4,2,2,8
311,12724,30,11,154.9,5,2,1,8
312,12736,30,4,234,5,1,2,8
313,12834,301,18,312.38,3,3,2,8
314,12956,182,19,108.07,4,3,1,8
315,13014,272,11,515.38,3,2,3,8
316,13030,537,50,427.74,1,4,3,8
317,13082,214,7,379.44,4,1,3,8
318,13233,153,17,304.24,4,2,2,8
319,13253,244,16,476.48,3,2,3,8
320,13382,242,15,222.99,4,2,2,8
321,13494,333,18,316.26,2,3,3,8
322,13557,242,16,240.68,4,2,2,8
323,13565,91,13,110.18,5,2,1,8
324,13584,182,24,142.4,4,3,1,8
325,13672,29,4,186.39,5,1,2,8
326,13824,302,11,442.88,3,2,3,8
327,13884,151,10,196.25,4,2,2,8
328,13955,152,11,205.1,4,2,2,8
329,14047,153,12,296.22,4,2,2,8
330,14159,354,50,193.22,2,4,2,8
331,14167,0,16,148.35,5,2,1,8
332,14185,0,3,197.65,5,1,2,8
333,14188,302,12,398,3,2,3,8
334,14221,244,18,312.95,3,3,2,8
335,14247,181,19,136.77,4,3,1,8
336,14282,507,13,571,2,2,4,8
337,14447,242,15,265,4,2,2,8
338,14496,333,16,538.81,2,2,4,8
339,14553,244,23,201.94,3,3,2,8
340,14729,688,69,313.49,1,5,2,8
341,14748,537,32,470.42,1,4,3,8
342,14850,333,21,325.75,2,3,3,8
343,14867,153,15,300.74,4,2,2,8
344,14896,445,32,257.22,2,4,2,8
345,15021,476,45,205.64,2,4,2,8
346,15026,151,20,108.98,4,3,1,8
347,15053,273,19,222.65,3,3,2,8
348,15199,243,3,353.1,4,1,3,8
349,15211,445,23,383.07,2,3,3,8
350,15400,181,5,346.1,4,1,3,8
351,15502,537,22,929.4,1,3,4,8
352,15503,354,66,147.09,2,5,1,8
353,15525,688,44,313.93,1,4,3,8
354,15550,29,12,137.9,5,2,1,8
355,15554,151,14,217.2,4,2,2,8
356,15569,30,7,288.5,5,1,2,8
357,15611,91,5,204,5,1,2,8
358,15628,476,19,319.18,2,3,3,8
359,15660,332,16,364.3,3,2,3,8
360,15723,415,37,203.1,2,4,2,8
361,15841,214,7,331.6,4,1,3,8
362,15869,150,13,149.64,5,2,1,8
363,15889,568,57,297.92,1,5,2,8
364,15955,657,20,572.38,1,3,4,8
365,15971,332,4,879,3,1,4,8
366,16109,243,3,315,4,1,3,8
367,16112,61,10,136.14,5,2,1,8
368,16156,302,18,303.84,3,3,2,8
369,16159,273,14,348.2,3,2,3,8
370,16402,568,53,211.8,1,5,2,8
371,16515,333,29,320.51,2,3,3,8
372,16517,151,17,162.7,4,3,1,8
373,16551,153,11,311.07,4,2,2,8
374,16570,333,15,450.06,3,2,3,8
375,16612,333,18,280.05,3,3,2,8
376,16678,301,18,312.18,3,3,2,8
377,16716,333,1,734.4,3,1,4,8
378,16727,415,41,272.82,2,4,2,8
379,16891,629,63,232.26,1,5,2,8
380,16938,243,14,267.6,4,2,2,8
381,17035,333,18,259.51,3,3,2,8
382,17071,274,17,308.55,3,3,2,8
383,17128,91,14,157.09,5,2,1,8
384,17251,354,37,283.28,2,4,2,8
385,17302,152,11,182.85,4,2,2,8
386,17654,151,22,117.55,4,3,1,8
387,17671,445,17,394.18,2,3,3,8
388,17705,29,10,136.3,5,2,1,8
389,17800,91,11,136.05,5,2,1,8
390,17880,415,26,458.92,2,3,3,8
391,17950,445,36,263.17,2,4,2,8
392,17968,688,74,277.35,1,5,2,8
393,17999,476,37,190.34,2,4,2,8
394,18119,507,29,181.12,2,4,2,8
395,18280,151,10,180.6,4,2,2,8
396,12373,333,14,364.6,2,2,3,7
397,12401,90,5,84.3,5,1,1,7
398,12651,91,9,114,5,1,1,7
399,12676,333,12,509.5,2,2,3,7
400,12725,629,24,427.8,1,3,3,7
401,12842,243,14,310.73,3,2,2,7
402,12873,301,4,374,3,1,3,7
403,12897,29,2,128.8,5,1,1,7
404,12963,445,16,365.8,2,2,3,7
405,13133,121,3,52.35,5,1,1,7
406,13144,30,3,110.95,5,1,1,7
407,13208,273,26,168.45,3,3,1,7
408,13240,445,21,224.07,2,3,2,7
409,13270,476,1,590,2,1,4,7
410,13313,244,17,307.3,3,2,2,7
411,13394,274,16,313.76,3,2,2,7
412,13809,152,11,155.05,4,2,1,7
413,13838,568,48,238.11,1,4,2,7
414,14082,415,28,182.25,2,3,2,7
415,14449,657,50,210.24,1,4,2,7
416,14540,274,11,195.9,3,2,2,7
417,14594,688,31,255,1,4,2,7
418,14618,183,5,211.8,4,1,2,7
419,14620,332,15,235.35,3,2,2,7
420,14656,332,29,133.11,3,3,1,7
421,14673,507,15,373.49,2,2,3,7
422,14684,354,44,168.36,2,4,1,7
423,14761,91,7,97.5,5,1,1,7
424,14775,657,20,406.56,1,3,3,7
425,14794,91,9,179.1,5,1,1,7
426,14842,243,2,310,4,1,2,7
427,14889,153,10,135.9,4,2,1,7
428,14932,445,17,363.53,2,2,3,7
429,15012,688,46,191.06,1,4,2,7
430,15031,301,24,150.83,3,3,1,7
431,15087,273,15,306.94,3,2,2,7
432,15165,688,27,487.75,1,3,3,7
433,15192,445,15,315,2,2,3,7
434,15203,333,20,211.94,2,3,2,7
435,15257,332,7,317.15,3,1,3,7
436,15260,657,17,420.5,1,3,3,7
437,15299,657,3,1835.01,1,1,5,7
438,15319,332,16,204.5,3,2,2,7
439,15351,568,49,274.67,1,4,2,7
440,15407,152,11,165,4,2,1,7
441,15421,302,16,295.06,3,2,2,7
442,15454,354,23,179.1,2,3,2,7
443,15589,302,12,184.95,3,2,2,7
444,15607,153,13,104.76,4,2,1,7
445,15753,121,1,79.2,5,1,1,7
446,15843,90,8,118.95,5,1,1,7
447,15919,537,38,270.72,1,4,2,7
448,16034,30,9,153.6,5,1,1,7
449,16042,30,2,24.95,5,1,1,7
450,16150,656,22,393.42,1,3,3,7
451,16217,301,11,183,3,2,2,7
452,16218,688,28,471.3,1,3,3,7
453,16293,507,16,378.75,2,2,3,7
454,16332,152,10,122.3,4,2,1,7
455,16351,30,8,153.9,5,1,1,7
456,16356,151,15,102,4,2,1,7
457,16367,354,33,170.91,2,4,1,7
458,16405,60,3,167.25,5,1,1,7
459,16419,333,17,252.66,2,3,2,7
460,16554,0,1,0.85,5,1,1,7
461,16754,656,2,2002.4,1,1,5,7
462,16893,476,44,145.93,2,4,1,7
463,16916,657,48,198.08,1,4,2,7
464,16998,121,1,90,5,1,1,7
465,17092,151,10,134.9,4,2,1,7
466,17287,507,18,222.7,2,3,2,7
467,17320,537,22,450.92,1,3,3,7
468,17356,333,19,178.22,3,3,1,7
469,17374,273,12,191.95,3,2,2,7
470,17456,445,17,249.86,2,3,2,7
471,17517,243,11,153.94,4,2,1,7
472,17519,537,18,335.3,1,3,3,7
473,17535,242,13,164.4,4,2,1,7
474,17639,120,7,108.5,5,1,1,7
475,17652,273,13,222.3,3,2,2,7
476,17682,537,18,391.5,1,3,3,7
477,17789,273,14,225.9,3,2,2,7
478,17856,273,5,482.81,3,1,3,7
479,17860,537,49,252.8,1,4,2,7
480,17881,120,8,133.35,5,1,1,7
481,17908,688,51,243.28,1,4,2,7
482,17929,243,2,196.2,4,1,2,7
483,17964,657,35,261.76,1,4,2,7
484,18004,354,32,169.47,2,4,1,7
485,18032,91,5,73.5,5,1,1,7
486,18156,568,50,206.23,1,4,2,7
487,18218,273,15,309.38,3,2,2,7
488,12547,242,6,159.4,4,1,1,6
489,12763,568,16,320.08,1,2,3,6
490,12775,333,12,214.45,2,2,2,6
491,12785,415,14,311.95,2,2,2,6
492,12797,445,13,254.03,2,2,2,6
493,12942,445,16,258.75,2,2,2,6
494,13000,415,11,201.75,2,2,2,6
495,13108,657,10,350.06,1,2,3,6
496,13173,507,23,165.94,2,3,1,6
497,13368,183,1,35.4,4,1,1,6
498,13369,445,14,308.28,2,2,2,6
499,13531,476,15,305.45,2,2,2,6
500,13539,274,11,164.1,3,2,1,6
501,13569,507,23,118.32,2,3,1,6
502,13581,274,10,118,3,2,1,6
503,13649,476,15,197.8,2,2,2,6
504,13652,537,18,308.8,1,3,2,6
505,13705,688,10,318.14,1,2,3,6
506,13894,302,10,160.85,3,2,1,6
507,13939,333,12,184.5,2,2,2,6
508,14037,415,26,111.8,2,3,1,6
509,14142,688,22,311.81,1,3,2,6
510,14390,657,26,223.7,1,3,2,6
511,14396,629,34,110.35,1,4,1,6
512,14410,152,8,137.65,4,1,1,6
513,14413,354,22,122.7,2,3,1,6
514,14419,415,20,124.1,2,3,1,6
515,14438,182,9,131.9,4,1,1,6
516,14448,414,18,102.35,2,3,1,6
517,14708,537,12,419.06,1,2,3,6
518,14915,151,8,142.28,4,1,1,6
519,15038,568,30,126.43,1,4,1,6
520,15139,153,8,122.1,4,1,1,6
521,15164,244,15,173.39,3,2,1,6
522,15221,476,5,403.25,2,1,3,6
523,15240,333,14,312.9,2,2,2,6
524,15266,214,6,119.3,4,1,1,6
525,15288,445,26,165.65,2,3,1,6
526,15304,273,5,228.6,3,1,2,6
527,15353,507,12,311.65,2,2,2,6
528,15363,657,16,326,1,2,3,6
529,15545,628,31,135.33,1,4,1,6
530,15577,152,4,29.65,4,1,1,6
531,15636,301,8,306.7,3,1,2,6
532,15646,656,17,189.8,1,3,2,6
533,15675,242,3,45,4,1,1,6
534,15733,301,10,162.3,3,2,1,6
535,15781,152,5,83.35,4,1,1,6
536,15882,537,16,371.32,1,2,3,6
537,15894,568,32,156.74,1,4,1,6
538,15922,688,11,369.5,1,2,3,6
539,16010,354,24,110.1,2,3,1,6
540,16081,476,21,157.6,2,3,1,6
541,16125,507,13,289.35,2,2,2,6
542,16136,151,8,159.3,4,1,1,6
543,16163,445,5,441.6,2,1,3,6
544,16186,657,20,307.68,1,3,2,6
545,16282,244,11,168.3,3,2,1,6
546,16385,476,19,148.23,2,3,1,6
547,16414,242,3,50.8,4,1,1,6
548,16600,214,9,125.86,4,1,1,6
549,16621,151,5,162.85,4,1,1,6
550,16717,476,15,307.25,2,2,2,6
551,16781,657,17,311.25,1,3,2,6
552,16792,301,11,110.38,3,2,1,6
553,16858,537,9,375.69,1,2,3,6
554,16898,537,29,116.08,1,4,1,6
555,17235,657,10,341.9,1,2,3,6
556,17325,242,6,96.8,4,1,1,6
557,17362,274,12,150,3,2,1,6
558,17376,333,13,105.85,3,2,1,6
559,17616,507,1,326.4,2,1,3,6
560,17676,476,15,300.7,2,2,2,6
561,17707,153,3,83.7,4,1,1,6
562,17732,657,18,303.97,1,3,2,6
563,17812,537,27,217.55,1,3,2,6
564,17855,657,17,208.97,1,3,2,6
565,17869,536,16,214.32,2,2,2,6
566,17870,476,1,326.4,2,1,3,6
567,17917,354,28,110.91,2,3,1,6
568,17923,301,1,207.5,3,1,2,6
569,17967,629,41,123.07,1,4,1,6
570,17978,445,12,300.92,2,2,2,6
571,18062,183,5,169.8,4,1,1,6
572,18071,445,14,258.95,2,2,2,6
573,18074,688,13,489.6,1,2,3,6
574,18211,181,8,137.9,4,1,1,6
575,18259,476,7,376.3,2,1,3,6
576,12414,302,7,153.76,3,1,1,5
577,12427,629,10,303.5,1,2,2,5
578,12441,476,11,173.55,2,2,1,5
579,12817,273,4,166.04,3,1,1,5
580,12875,354,1,293.76,2,1,2,5
581,12915,657,13,199.65,1,2,2,5
582,12933,332,7,110.75,3,1,1,5
583,12990,302,3,97.5,3,1,1,5
584,13065,688,14,205.86,1,2,2,5
585,13138,657,14,193.23,1,2,2,5
586,13140,476,15,159.51,2,2,1,5
587,13329,476,7,304.2,2,1,2,5
588,13402,656,17,308.28,1,2,2,5
589,13728,302,9,158.58,3,1,1,5
590,13786,507,7,230.4,2,1,2,5
591,13831,568,2,408,1,1,3,5
592,13873,274,7,121.45,3,1,1,5
593,14355,445,11,174.4,2,2,1,5
594,14457,302,4,113.64,3,1,1,5
595,14460,302,1,30,3,1,1,5
596,14473,301,1,85,3,1,1,5
597,14479,445,10,174.4,2,2,1,5
598,14483,273,9,137.1,3,1,1,5
599,14608,354,1,204,2,1,2,5
600,14766,476,6,180.4,2,1,2,5
601,14798,302,6,75.68,3,1,1,5
602,14813,568,25,155.43,1,3,1,5
603,15028,537,14,185.97,1,2,2,5
604,15048,537,23,98.7,1,3,1,5
605,15111,657,16,288.5,1,2,2,5
606,15226,302,8,154.41,3,1,1,5
607,15347,476,5,201.6,2,1,2,5
608,15380,445,1,230.1,2,1,2,5
609,15393,272,8,124.1,3,1,1,5
610,15709,332,6,133.25,3,1,1,5
611,15885,274,1,15,3,1,1,5
612,15923,657,21,127.08,1,3,1,5
613,15945,445,2,181,2,1,2,5
614,15965,507,16,156.19,2,2,1,5
615,15973,476,4,307.82,2,1,2,5
616,15981,333,4,270,2,1,2,5
617,16062,415,7,247.56,2,1,2,5
618,16078,332,1,79.2,3,1,1,5
619,16221,507,12,166.74,2,2,1,5
620,16250,688,14,226.14,1,2,2,5
621,16389,332,6,119.65,3,1,1,5
622,16411,568,19,131.5,1,3,1,5
623,16462,332,1,34,3,1,1,5
624,16510,657,13,248.1,1,2,2,5
625,16583,688,14,233.45,1,2,2,5
626,16863,476,9,164.25,2,2,1,5
627,16883,629,17,128.03,1,3,1,5
628,16905,629,10,254.4,1,2,2,5
629,16915,332,3,54.3,3,1,1,5
630,16926,629,14,230.25,1,2,2,5
631,16957,273,4,114.84,3,1,1,5
632,17262,476,2,268.86,2,1,2,5
633,17396,629,3,397.5,1,1,3,5
634,17446,302,5,68.1,3,1,1,5
635,17470,507,11,178.4,2,2,1,5
636,17552,656,13,298.52,1,2,2,5
637,17560,302,4,162.1,3,1,1,5
638,17674,537,11,300.66,1,2,2,5
639,17816,445,10,16.21,2,2,1,5
640,17995,273,2,76.1,3,1,1,5
641,18011,687,28,102.79,1,3,1,5
642,18017,302,1,165,3,1,1,5
643,12738,656,11,155.35,1,2,1,4
644,12791,688,2,192.6,1,1,2,4
645,12929,333,8,117.85,2,1,1,4
646,13034,568,11,165.86,1,2,1,4
647,13145,656,1,295,1,1,2,4
648,13255,688,6,225.7,1,1,2,4
649,13606,333,3,70.02,2,1,1,4
650,13748,688,1,204,1,1,2,4
651,13787,415,7,106.4,2,1,1,4
652,13807,507,7,112.6,2,1,1,4
653,14001,688,9,301.24,1,1,2,4
654,14236,656,3,189.3,1,1,2,4
655,14437,445,5,63,2,1,1,4
656,14487,537,13,125.1,1,2,1,4
657,14821,476,2,48.8,2,1,1,4
658,14866,476,1,103.68,2,1,1,4
659,14987,445,2,163.2,2,1,1,4
660,15018,507,5,111.25,2,1,1,4
661,15081,507,8,111.15,2,1,1,4
662,15180,507,6,87.5,2,1,1,4
663,15713,476,9,171.15,2,1,1,4
664,15860,537,14,102.66,1,2,1,4
665,15940,333,1,35.8,2,1,1,4
666,16048,688,8,256.44,1,1,2,4
667,16203,657,11,170.7,1,2,1,4
668,16519,445,5,103.7,2,1,1,4
669,16565,415,3,173.7,2,1,1,4
670,16596,476,6,120.65,2,1,1,4
671,16654,537,9,227.4,1,1,2,4
672,16665,354,9,135.4,2,1,1,4
673,16679,476,3,129.75,2,1,1,4
674,16752,657,9,207.5,1,1,2,4
675,16950,507,3,172,2,1,1,4
676,17076,415,7,151.5,2,1,1,4
677,17227,537,10,142.25,1,2,1,4
678,17339,445,4,60,2,1,1,4
679,17430,445,5,112.6,2,1,1,4
680,17720,507,1,102,2,1,1,4
681,17760,688,9,172.54,1,2,1,4
682,17802,657,12,100.2,1,2,1,4
683,17925,657,1,244.08,1,1,2,4
684,18269,476,7,168.6,2,1,1,4
685,12686,629,7,89.14,1,1,1,3
686,12808,537,7,129.4,1,1,1,3
687,12855,657,3,38.1,1,1,1,3
688,13011,656,3,50.55,1,1,1,3
689,13579,568,9,164.7,1,1,1,3
690,13747,688,1,79.6,1,1,1,3
691,14237,688,9,161,1,1,1,3
692,14491,657,4,127.2,1,1,1,3
693,14576,656,1,35.4,1,1,1,3
694,14589,629,3,39.75,1,1,1,3
695,14865,656,3,37.2,1,1,1,3
696,15070,657,1,106.2,1,1,1,3
697,15350,688,5,115.65,1,1,1,3
698,15732,657,5,138.1,1,1,1,3
699,15823,657,1,15,1,1,1,3
700,15899,537,4,56.25,1,1,1,3
701,15987,537,9,113.48,1,1,1,3
702,16140,629,7,124.14,1,1,1,3
703,16552,688,5,95.29,1,1,1,3
704,16634,656,8,164.8,1,1,1,3
705,16658,537,8,123.24,1,1,1,3
706,16835,687,5,81.75,1,1,1,3
707,17025,688,5,160.97,1,1,1,3
708,17026,568,3,33.15,1,1,1,3
709,17181,688,2,155.52,1,1,1,3
710,17420,688,7,130.85,1,1,1,3
711,17572,688,4,70.8,1,1,1,3
712,17643,688,8,101.55,1,1,1,3
713,18113,537,1,76.32,1,1,1,3
714,,NA,2567,471028.48,NA,5,5,NA
715,12346,NA,1,77183.6,NA,1,5,NA
716,12347,NA,49,1187.18,NA,4,5,NA
717,12348,NA,18,1120.24,NA,3,5,NA
718,12352,NA,20,1281.15,NA,3,5,NA
719,12356,NA,36,2271.62,NA,4,5,NA
720,12361,NA,10,189.9,NA,2,2,NA
721,12362,NA,27,479.1,NA,3,3,NA
722,12365,NA,22,641.38,NA,3,4,NA
723,12370,NA,90,1868.02,NA,5,5,NA
724,12372,NA,20,399.22,NA,3,3,NA
725,12377,NA,72,1628.12,NA,5,5,NA
726,12383,NA,62,1251.88,NA,5,5,NA
727,12388,NA,21,555.35,NA,3,4,NA
728,12393,NA,22,639.5,NA,3,4,NA
729,12395,NA,41,911.43,NA,4,4,NA
730,12402,NA,11,225.6,NA,2,2,NA
731,12415,NA,153,37842.74,NA,5,5,NA
732,12417,NA,43,1024.78,NA,4,5,NA
733,12421,NA,11,157.45,NA,2,1,NA
734,12422,NA,13,238.5,NA,2,2,NA
735,12423,NA,30,430.24,NA,4,3,NA
736,12431,NA,79,2211.28,NA,5,5,NA
737,12437,NA,34,982.96,NA,4,4,NA
738,12451,NA,101,2919.51,NA,5,5,NA
739,12455,NA,42,1698.9,NA,4,5,NA
740,12458,NA,19,441.92,NA,3,3,NA
741,12464,NA,6,363.85,NA,1,3,NA
742,12468,NA,12,220.59,NA,2,2,NA
743,12471,NA,63,5963.51,NA,5,5,NA
744,12472,NA,97,2456.66,NA,5,5,NA
745,12474,NA,41,887.38,NA,4,4,NA
746,12476,NA,30,722.23,NA,4,4,NA
747,12481,NA,41,1394.43,NA,4,5,NA
748,12490,NA,43,864.22,NA,4,4,NA
749,12494,NA,18,312.55,NA,3,2,NA
750,12500,NA,8,968.76,NA,1,4,NA
751,12507,NA,13,446.16,NA,2,3,NA
752,12509,NA,7,176.5,NA,1,1,NA
753,12510,NA,29,681.05,NA,3,4,NA
754,12515,NA,16,383.7,NA,2,3,NA
755,12523,NA,15,246.35,NA,2,2,NA
756,12524,NA,46,1338.17,NA,4,5,NA
757,12527,NA,15,284.92,NA,2,2,NA
758,12528,NA,38,771.66,NA,4,4,NA
759,12539,NA,93,3431.7,NA,5,5,NA
760,12540,NA,56,2317.17,NA,5,5,NA
761,12551,NA,10,168,NA,2,1,NA
762,12553,NA,49,1023.86,NA,4,5,NA
763,12559,NA,21,561.71,NA,3,4,NA
764,12565,NA,9,145.92,NA,1,1,NA
765,12574,NA,11,218.45,NA,2,2,NA
766,12577,NA,67,195.89,NA,5,2,NA
767,12578,NA,70,1608.66,NA,5,5,NA
768,12582,NA,12,205.16,NA,2,2,NA
769,12585,NA,65,1262.85,NA,5,5,NA
770,12591,NA,26,452.85,NA,3,3,NA
771,12594,NA,21,597,NA,3,4,NA
772,12598,NA,26,720.86,NA,3,4,NA
773,12599,NA,17,312.46,NA,2,2,NA
774,12600,NA,11,702.74,NA,2,4,NA
775,12609,NA,16,287.93,NA,2,2,NA
776,12616,NA,11,255.6,NA,2,2,NA
777,12621,NA,65,2918.89,NA,5,5,NA
778,12625,NA,53,1716.62,NA,5,5,NA
779,12626,NA,57,1274.1,NA,5,5,NA
780,12633,NA,34,1012.82,NA,4,5,NA
781,12637,NA,72,1516.68,NA,5,5,NA
782,12645,NA,16,369.3,NA,2,3,NA
783,12647,NA,36,1193.6,NA,4,5,NA
784,12653,NA,16,779.1,NA,2,4,NA
785,12654,NA,11,166.6,NA,2,1,NA
786,12664,NA,5,661.58,NA,1,4,NA
787,12665,NA,3,63,NA,1,1,NA
788,12668,NA,69,1479.67,NA,5,5,NA
789,12672,NA,10,225.9,NA,2,2,NA
790,12673,NA,23,220.9,NA,3,2,NA
791,12678,NA,17,574.71,NA,2,4,NA
792,12681,NA,131,5082.53,NA,5,5,NA
793,12683,NA,77,2147.42,NA,5,5,NA
794,12691,NA,13,406.2,NA,2,3,NA
795,12693,NA,9,162.05,NA,1,1,NA
796,12705,NA,30,858,NA,4,4,NA
797,12707,NA,33,603.42,NA,4,4,NA
798,12708,NA,41,763.72,NA,4,4,NA
799,12709,NA,34,3195.09,NA,4,5,NA
800,12714,NA,53,968.3,NA,5,4,NA
801,12720,NA,69,1105.33,NA,5,5,NA
802,12721,NA,39,741.62,NA,4,4,NA
803,12726,NA,23,571.86,NA,3,4,NA
804,12727,NA,79,2007.32,NA,5,5,NA
805,12728,NA,24,453.26,NA,3,3,NA
806,12731,NA,53,4246.33,NA,5,5,NA
807,12734,NA,4,110.4,NA,1,1,NA
808,12735,NA,38,779.57,NA,4,4,NA
809,12744,NA,56,2053.07,NA,5,5,NA
810,12747,NA,21,1320.09,NA,3,5,NA
811,12748,NA,588,5147.54,NA,5,5,NA
812,12764,NA,45,1693.88,NA,4,5,NA
813,12766,NA,110,2809.42,NA,5,5,NA
814,12778,NA,9,134.48,NA,1,1,NA
815,12779,NA,35,1198.58,NA,4,5,NA
816,12781,NA,15,549.26,NA,2,4,NA
817,12782,NA,50,1147.43,NA,4,5,NA
818,12811,NA,14,240.25,NA,2,2,NA
819,12820,NA,11,170.46,NA,2,1,NA
820,12823,NA,1,535.5,NA,1,4,NA
821,12826,NA,45,697.1,NA,4,4,NA
822,12829,NA,9,293,NA,1,2,NA
823,12839,NA,37,1089.01,NA,4,5,NA
824,12841,NA,102,1492.32,NA,5,5,NA
825,12845,NA,21,65.09,NA,3,1,NA
826,12852,NA,17,311.55,NA,2,2,NA
827,12853,NA,20,427.4,NA,3,3,NA
828,12854,NA,34,389.9,NA,4,3,NA
829,12867,NA,93,786.95,NA,5,4,NA
830,12868,NA,42,673.21,NA,4,4,NA
831,12872,NA,58,599.97,NA,5,4,NA
832,12877,NA,15,329.46,NA,2,3,NA
833,12891,NA,1,42,NA,1,1,NA
834,12908,NA,1,318,NA,1,3,NA
835,12916,NA,31,847.85,NA,4,4,NA
836,12921,NA,99,3173.38,NA,5,5,NA
837,12924,NA,2,58.19,NA,1,1,NA
838,12928,NA,17,392.34,NA,2,3,NA
839,12931,NA,4,1873.4,NA,1,5,NA
840,12935,NA,27,431.63,NA,3,3,NA
841,12939,NA,18,5309.28,NA,3,5,NA
842,12944,NA,14,286.95,NA,2,2,NA
843,12945,NA,23,462.95,NA,3,3,NA
844,12951,NA,20,306.09,NA,3,2,NA
845,12967,NA,19,1660.9,NA,3,5,NA
846,12970,NA,8,23.8,NA,1,1,NA
847,12971,NA,41,1837.37,NA,4,5,NA
848,12980,NA,5,3673.74,NA,1,5,NA
849,12988,NA,75,535.32,NA,5,4,NA
850,12989,NA,9,1914.1,NA,1,5,NA
851,12993,NA,8,102.9,NA,1,1,NA
852,12997,NA,15,305.55,NA,2,2,NA
853,13001,NA,115,4092.66,NA,5,5,NA
854,13002,NA,7,120.95,NA,1,1,NA
855,13004,NA,103,1592.04,NA,5,5,NA
856,13008,NA,14,229.47,NA,2,2,NA
857,13012,NA,19,377.27,NA,3,3,NA
858,13018,NA,36,642.45,NA,4,4,NA
859,13021,NA,7,157.35,NA,1,1,NA
860,13027,NA,6,1440,NA,1,5,NA
861,13029,NA,1,382.5,NA,1,3,NA
862,13033,NA,11,190.55,NA,2,2,NA
863,13038,NA,15,395.1,NA,2,3,NA
864,13044,NA,33,560.47,NA,4,4,NA
865,13048,NA,39,477.61,NA,4,3,NA
866,13049,NA,7,153.78,NA,1,1,NA
867,13050,NA,91,2129.53,NA,5,5,NA
868,13064,NA,8,203.3,NA,1,2,NA
869,13068,NA,1,165,NA,1,1,NA
870,13069,NA,128,1240.09,NA,5,5,NA
871,13077,NA,61,577.44,NA,5,4,NA
872,13078,NA,41,1994.31,NA,4,5,NA
873,13081,NA,265,7467.61,NA,5,5,NA
874,13085,NA,13,278.1,NA,2,2,NA
875,13089,NA,324,16825.57,NA,5,5,NA
876,13090,NA,15,1796.2,NA,2,5,NA
877,13092,NA,10,295.65,NA,2,2,NA
878,13093,NA,93,7527.97,NA,5,5,NA
879,13097,NA,88,1665.3,NA,5,5,NA
880,13098,NA,15,893.6,NA,2,4,NA
881,13102,NA,57,1881.8,NA,5,5,NA
882,13104,NA,1,101.76,NA,1,1,NA
883,13113,NA,50,2838.74,NA,4,5,NA
884,13117,NA,38,590.53,NA,4,4,NA
885,13118,NA,14,190.93,NA,2,2,NA
886,13124,NA,61,1256.32,NA,5,5,NA
887,13141,NA,30,524.57,NA,4,3,NA
888,13148,NA,100,1087.66,NA,5,5,NA
889,13149,NA,18,376.74,NA,3,3,NA
890,13151,NA,73,1257.87,NA,5,5,NA
891,13155,NA,55,569.2,NA,5,4,NA
892,13157,NA,11,197.82,NA,2,2,NA
893,13158,NA,19,256.41,NA,3,2,NA
894,13161,NA,8,112.75,NA,1,1,NA
895,13165,NA,13,354.64,NA,2,3,NA
896,13168,NA,88,841.23,NA,5,4,NA
897,13171,NA,23,140.35,NA,3,1,NA
898,13174,NA,178,2108.27,NA,5,5,NA
899,13178,NA,47,1124,NA,4,5,NA
900,13184,NA,20,212.52,NA,3,2,NA
901,13198,NA,76,1184.74,NA,5,5,NA
902,13199,NA,20,1948.96,NA,3,5,NA
903,13209,NA,15,430.2,NA,2,3,NA
904,13211,NA,2,110.7,NA,1,1,NA
905,13221,NA,35,498.16,NA,4,3,NA
906,13225,NA,12,2470.44,NA,2,5,NA
907,13230,NA,147,811.65,NA,5,4,NA
908,13238,NA,5,91.15,NA,1,1,NA
909,13246,NA,55,1083.56,NA,5,5,NA
910,13261,NA,8,845.1,NA,1,4,NA
911,13263,NA,124,568.69,NA,5,4,NA
912,13267,NA,34,933.97,NA,4,4,NA
913,13269,NA,26,662.17,NA,3,4,NA
914,13280,NA,65,699.36,NA,5,4,NA
915,13284,NA,13,201.19,NA,2,2,NA
916,13285,NA,52,666.89,NA,5,4,NA
917,13292,NA,14,249.57,NA,2,2,NA
918,13295,NA,10,201.2,NA,2,2,NA
919,13301,NA,20,173.91,NA,3,1,NA
920,13304,NA,21,300.42,NA,3,2,NA
921,13305,NA,9,288.9,NA,1,2,NA
922,13310,NA,27,410.18,NA,3,3,NA
923,13317,NA,14,238.05,NA,2,2,NA
924,13319,NA,82,2769.04,NA,5,5,NA
925,13324,NA,8,1110.6,NA,1,5,NA
926,13327,NA,21,947.9,NA,3,4,NA
927,13328,NA,17,1308.48,NA,2,5,NA
928,13330,NA,13,335.82,NA,2,3,NA
929,13345,NA,20,389.5,NA,3,3,NA
930,13362,NA,52,812.7,NA,5,4,NA
931,13381,NA,24,416.11,NA,3,3,NA
932,13385,NA,35,534.57,NA,4,4,NA
933,13396,NA,15,387.27,NA,2,3,NA
934,13397,NA,13,601.77,NA,2,4,NA
935,13405,NA,6,160.05,NA,1,1,NA
936,13408,NA,87,5959.09,NA,5,5,NA
937,13410,NA,8,250.24,NA,1,2,NA
938,13414,NA,1,390,NA,1,3,NA
939,13418,NA,40,1579.62,NA,4,5,NA
940,13421,NA,64,825.04,NA,5,4,NA
941,13425,NA,27,401.57,NA,3,3,NA
942,13426,NA,31,639.43,NA,4,4,NA
943,13453,NA,8,185,NA,1,2,NA
944,13458,NA,122,4170.82,NA,5,5,NA
945,13468,NA,78,1736.15,NA,5,5,NA
946,13475,NA,23,317.12,NA,3,3,NA
947,13477,NA,12,185.4,NA,2,2,NA
948,13487,NA,11,193.15,NA,2,2,NA
949,13489,NA,6,235.68,NA,1,2,NA
950,13491,NA,46,803.91,NA,4,4,NA
951,13493,NA,4,179.35,NA,1,2,NA
952,13495,NA,18,865.43,NA,3,4,NA
953,13496,NA,26,501.01,NA,3,3,NA
954,13501,NA,52,1340.32,NA,5,5,NA
955,13502,NA,4,114.6,NA,1,1,NA
956,13506,NA,26,458.52,NA,3,3,NA
957,13509,NA,12,209.32,NA,2,2,NA
958,13520,NA,27,988.52,NA,3,4,NA
959,13527,NA,5,110.45,NA,1,1,NA
960,13534,NA,37,1029.75,NA,4,5,NA
961,13538,NA,3,166.8,NA,1,1,NA
962,13551,NA,4,91.8,NA,1,1,NA
963,13552,NA,8,313.7,NA,1,2,NA
964,13564,NA,67,1198.38,NA,5,5,NA
965,13576,NA,27,1687.04,NA,3,5,NA
966,13600,NA,19,219.52,NA,3,2,NA
967,13610,NA,38,239.17,NA,4,2,NA
968,13611,NA,15,303.15,NA,2,2,NA
969,13614,NA,9,205.75,NA,1,2,NA
970,13615,NA,23,417.69,NA,3,3,NA
971,13623,NA,15,156,NA,2,1,NA
972,13627,NA,20,311.19,NA,3,2,NA
973,13630,NA,13,299.14,NA,2,2,NA
974,13634,NA,34,362,NA,4,3,NA
975,13636,NA,11,154.5,NA,2,1,NA
976,13659,NA,55,1045.4,NA,5,5,NA
977,13666,NA,8,64.05,NA,1,1,NA
978,13668,NA,64,1749.08,NA,5,5,NA
979,13675,NA,15,308.44,NA,2,2,NA
980,13684,NA,29,67.23,NA,3,1,NA
981,13694,NA,128,14317.5,NA,5,5,NA
982,13700,NA,23,156.01,NA,3,1,NA
983,13703,NA,1,99.5,NA,1,1,NA
984,13707,NA,32,583.41,NA,4,4,NA
985,13709,NA,30,474.7,NA,4,3,NA
986,13717,NA,21,298.05,NA,3,2,NA
987,13718,NA,7,114.05,NA,1,1,NA
988,13725,NA,66,1451.93,NA,5,5,NA
989,13742,NA,116,1171.33,NA,5,5,NA
990,13744,NA,44,893.16,NA,4,4,NA
991,13750,NA,7,688.8,NA,1,4,NA
992,13751,NA,9,296.25,NA,1,2,NA
993,13753,NA,35,741.26,NA,4,4,NA
994,13754,NA,8,156,NA,1,1,NA
995,13756,NA,11,1004.4,NA,2,5,NA
996,13767,NA,35,4143.82,NA,4,5,NA
997,13769,NA,22,626.32,NA,3,4,NA
998,13777,NA,30,8484.25,NA,4,5,NA
999,13782,NA,36,191.94,NA,4,2,NA
1000,13784,NA,6,426.39,NA,1,3,NA
1001,13792,NA,4,74.6,NA,1,1,NA
1002,13798,NA,69,11417.62,NA,5,5,NA
1003,13799,NA,16,341.7,NA,2,3,NA
1004,13804,NA,41,723.63,NA,4,4,NA
1005,13815,NA,53,1012.01,NA,5,5,NA
1006,13817,NA,9,128.7,NA,1,1,NA
1007,13819,NA,26,1140.35,NA,3,5,NA
1008,13837,NA,8,113.7,NA,1,1,NA
1009,13846,NA,28,411.4,NA,3,3,NA
1010,13848,NA,3,935,NA,1,4,NA
1011,13851,NA,17,246.32,NA,2,2,NA
1012,13854,NA,23,2598.56,NA,3,5,NA
1013,13859,NA,27,201.16,NA,3,2,NA
1014,13862,NA,41,678.85,NA,4,4,NA
1015,13865,NA,7,123.3,NA,1,1,NA
1016,13869,NA,64,897.81,NA,5,4,NA
1017,13870,NA,34,544.03,NA,4,4,NA
1018,13874,NA,18,540.45,NA,3,4,NA
1019,13880,NA,25,508.1,NA,3,3,NA
1020,13890,NA,11,190.35,NA,2,2,NA
1021,13893,NA,21,821.1,NA,3,4,NA
1022,13898,NA,12,155.93,NA,2,1,NA
1023,13901,NA,11,214.4,NA,2,2,NA
1024,13904,NA,17,201.12,NA,2,2,NA
1025,13911,NA,40,559.27,NA,4,4,NA
1026,13922,NA,7,172.25,NA,1,1,NA
1027,13929,NA,2,412.85,NA,1,3,NA
1028,13932,NA,16,307.4,NA,2,2,NA
1029,13941,NA,17,2118.96,NA,2,5,NA
1030,13948,NA,3,102,NA,1,1,NA
1031,13951,NA,12,212.56,NA,2,2,NA
1032,13953,NA,1,500,NA,1,3,NA
1033,13963,NA,35,664.54,NA,4,4,NA
1034,13969,NA,42,662.83,NA,4,4,NA
1035,13971,NA,16,333.48,NA,2,3,NA
1036,13973,NA,11,264.7,NA,2,2,NA
1037,13982,NA,39,903.8,NA,4,4,NA
1038,13983,NA,46,949.94,NA,4,4,NA
1039,13984,NA,8,284.75,NA,1,2,NA
1040,13993,NA,33,822.85,NA,4,4,NA
1041,13999,NA,31,609.7,NA,4,4,NA
1042,14004,NA,29,900.02,NA,3,4,NA
1043,14006,NA,7,304.44,NA,1,2,NA
1044,14016,NA,39,753.74,NA,4,4,NA
1045,14031,NA,36,4526.59,NA,4,5,NA
1046,14032,NA,21,619.42,NA,3,4,NA
1047,14035,NA,11,301.6,NA,2,2,NA
1048,14036,NA,38,626.65,NA,4,4,NA
1049,14040,NA,60,914.05,NA,5,4,NA
1050,14046,NA,14,154.99,NA,2,1,NA
1051,14049,NA,108,1031.83,NA,5,5,NA
1052,14051,NA,30,3126.36,NA,4,5,NA
1053,14056,NA,115,598.96,NA,5,4,NA
1054,14057,NA,119,1943.03,NA,5,5,NA
1055,14060,NA,44,1931.46,NA,4,5,NA
1056,14062,NA,40,3096.39,NA,4,5,NA
1057,14068,NA,22,265.85,NA,3,2,NA
1058,14078,NA,18,306.29,NA,3,2,NA
1059,14083,NA,87,459.89,NA,5,3,NA
1060,14085,NA,136,1987.91,NA,5,5,NA
1061,14088,NA,93,7544.91,NA,5,5,NA
1062,14090,NA,1,76.32,NA,1,1,NA
1063,14092,NA,49,920.23,NA,4,4,NA
1064,14099,NA,71,818.73,NA,5,4,NA
1065,14101,NA,14,1844.03,NA,2,5,NA
1066,14107,NA,29,621.09,NA,3,4,NA
1067,14113,NA,2,433.5,NA,1,3,NA
1068,14114,NA,11,195.13,NA,2,2,NA
1069,14130,NA,66,483.86,NA,5,3,NA
1070,14133,NA,16,318,NA,2,3,NA
1071,14135,NA,58,1811.91,NA,5,5,NA
1072,14146,NA,35,1241.43,NA,4,5,NA
1073,14147,NA,2,182.8,NA,1,2,NA
1074,14150,NA,12,306.18,NA,2,2,NA
1075,14156,NA,261,28293.4,NA,5,5,NA
1076,14157,NA,36,277.17,NA,4,2,NA
1077,14162,NA,13,177.68,NA,2,1,NA
1078,14175,NA,16,322.58,NA,2,3,NA
1079,14176,NA,28,576.9,NA,3,4,NA
1080,14180,NA,75,2235.62,NA,5,5,NA
1081,14189,NA,57,1165.49,NA,5,5,NA
1082,14201,NA,4,67.24,NA,1,1,NA
1083,14210,NA,46,977.39,NA,4,4,NA
1084,14211,NA,25,465.1,NA,3,3,NA
1085,14215,NA,49,922.11,NA,4,4,NA
1086,14220,NA,11,312.98,NA,2,2,NA
1087,14224,NA,39,244.3,NA,4,2,NA
1088,14227,NA,46,736.7,NA,4,4,NA
1089,14229,NA,23,762.13,NA,3,4,NA
1090,14231,NA,19,308.95,NA,3,2,NA
1091,14233,NA,12,630.95,NA,2,4,NA
1092,14238,NA,8,146.85,NA,1,1,NA
1093,14239,NA,40,795.48,NA,4,4,NA
1094,14242,NA,8,138.35,NA,1,1,NA
1095,14243,NA,54,1139.8,NA,5,5,NA
1096,14248,NA,8,302.58,NA,1,2,NA
1097,14257,NA,39,620.14,NA,4,4,NA
1098,14258,NA,34,4286.18,NA,4,5,NA
1099,14276,NA,19,341.2,NA,3,3,NA
1100,14289,NA,19,322.24,NA,3,3,NA
1101,14290,NA,23,777.56,NA,3,4,NA
1102,14298,NA,247,11823.9,NA,5,5,NA
1103,14299,NA,20,1565.94,NA,3,5,NA
1104,14307,NA,74,1270.56,NA,5,5,NA
1105,14309,NA,22,588.39,NA,3,4,NA
1106,14329,NA,76,1547.58,NA,5,5,NA
1107,14334,NA,42,672.57,NA,4,4,NA
1108,14341,NA,23,335.63,NA,3,3,NA
1109,14344,NA,14,355.65,NA,2,3,NA
1110,14346,NA,17,262.44,NA,2,2,NA
1111,14368,NA,8,155,NA,1,1,NA
1112,14371,NA,4,100.5,NA,1,1,NA
1113,14373,NA,4,76.55,NA,1,1,NA
1114,14379,NA,17,110.98,NA,2,1,NA
1115,14386,NA,7,142.4,NA,1,1,NA
1116,14401,NA,20,552.12,NA,3,4,NA
1117,14404,NA,32,416.08,NA,4,3,NA
1118,14409,NA,12,666.1,NA,2,4,NA
1119,14414,NA,8,217.2,NA,1,2,NA
1120,14415,NA,115,1615.01,NA,5,5,NA
1121,14426,NA,94,1495.58,NA,5,5,NA
1122,14428,NA,24,203.55,NA,3,2,NA
1123,14439,NA,32,2661.24,NA,4,5,NA
1124,14440,NA,25,1185.71,NA,3,5,NA
1125,14442,NA,30,675.58,NA,4,4,NA
1126,14450,NA,11,161.03,NA,2,1,NA
1127,14467,NA,15,131.7,NA,2,1,NA
1128,14470,NA,35,297.64,NA,4,2,NA
1129,14472,NA,97,1016.61,NA,5,5,NA
1130,14477,NA,1,165,NA,1,1,NA
1131,14481,NA,12,302.86,NA,2,2,NA
1132,14498,NA,13,166.22,NA,2,1,NA
1133,14501,NA,4,66.93,NA,1,1,NA
1134,14502,NA,101,453.59,NA,5,3,NA
1135,14513,NA,7,18.75,NA,1,1,NA
1136,14520,NA,1,165,NA,1,1,NA
1137,14524,NA,62,485.5,NA,5,3,NA
1138,14525,NA,23,726.95,NA,3,4,NA
1139,14527,NA,144,2132.14,NA,5,5,NA
1140,14530,NA,43,698.26,NA,4,4,NA
1141,14532,NA,25,792.3,NA,3,4,NA
1142,14533,NA,10,433.5,NA,2,3,NA
1143,14534,NA,61,770.73,NA,5,4,NA
1144,14541,NA,69,840.65,NA,5,4,NA
1145,14543,NA,12,946.25,NA,2,4,NA
1146,14544,NA,53,1121.92,NA,5,5,NA
1147,14548,NA,2,326.4,NA,1,3,NA
1148,14560,NA,20,1005.87,NA,3,5,NA
1149,14562,NA,42,434.7,NA,4,3,NA
1150,14565,NA,54,1167.41,NA,5,5,NA
1151,14572,NA,50,335.63,NA,4,3,NA
1152,14573,NA,84,716.75,NA,5,4,NA
1153,14595,NA,5,163.8,NA,1,1,NA
1154,14606,NA,449,4151.67,NA,5,5,NA
1155,14609,NA,1,144,NA,1,1,NA
1156,14616,NA,2,247.68,NA,1,2,NA
1157,14621,NA,16,305.7,NA,2,2,NA
1158,14625,NA,34,585.53,NA,4,4,NA
1159,14631,NA,12,309.5,NA,2,2,NA
1160,14639,NA,58,1235.13,NA,5,5,NA
1161,14643,NA,15,357.94,NA,2,3,NA
1162,14644,NA,8,187.5,NA,1,2,NA
1163,14646,NA,281,57866.02,NA,5,5,NA
1164,14657,NA,69,524.4,NA,5,3,NA
1165,14659,NA,57,774.97,NA,5,4,NA
1166,14662,NA,21,101.05,NA,3,1,NA
1167,14665,NA,41,731.66,NA,4,4,NA
1168,14667,NA,157,2637.51,NA,5,5,NA
1169,14680,NA,48,8284.12,NA,4,5,NA
1170,14688,NA,74,1701.67,NA,5,5,NA
1171,14692,NA,34,380.85,NA,4,3,NA
1172,14696,NA,34,588.25,NA,4,4,NA
1173,14701,NA,128,908.21,NA,5,4,NA
1174,14702,NA,75,1222.15,NA,5,5,NA
1175,14709,NA,40,1183.3,NA,4,5,NA
1176,14713,NA,59,648.09,NA,5,4,NA
1177,14715,NA,21,247.45,NA,3,2,NA
1178,14723,NA,68,471,NA,5,3,NA
1179,14733,NA,88,6940.72,NA,5,5,NA
1180,14735,NA,28,1016.85,NA,3,5,NA
1181,14737,NA,8,434,NA,1,3,NA
1182,14738,NA,11,204.77,NA,2,2,NA
1183,14741,NA,13,495.3,NA,2,3,NA
1184,14744,NA,14,928.03,NA,2,4,NA
1185,14745,NA,7,240.6,NA,1,2,NA
1186,14754,NA,15,228.27,NA,2,2,NA
1187,14755,NA,48,994.48,NA,4,5,NA
1188,14760,NA,5,89.2,NA,1,1,NA
1189,14769,NA,53,870.99,NA,5,4,NA
1190,14770,NA,17,278.6,NA,2,2,NA
1191,14776,NA,22,558.36,NA,3,4,NA
1192,14779,NA,40,386.15,NA,4,3,NA
1193,14782,NA,6,200.1,NA,1,2,NA
1194,14784,NA,4,114.68,NA,1,1,NA
1195,14796,NA,173,2288.29,NA,5,5,NA
1196,14803,NA,11,542.15,NA,2,4,NA
1197,14805,NA,19,109.25,NA,3,1,NA
1198,14810,NA,40,644.29,NA,4,4,NA
1199,14825,NA,46,637.77,NA,4,4,NA
1200,14829,NA,26,385.33,NA,3,3,NA
1201,14841,NA,50,991.95,NA,4,5,NA
1202,14849,NA,35,1428.03,NA,4,5,NA
1203,14871,NA,21,140.4,NA,3,1,NA
1204,14878,NA,28,433.89,NA,3,3,NA
1205,14880,NA,8,129.2,NA,1,1,NA
1206,14895,NA,118,2346.34,NA,5,5,NA
1207,14897,NA,10,175.5,NA,2,1,NA
1208,14898,NA,16,424.05,NA,2,3,NA
1209,14901,NA,31,497.05,NA,4,3,NA
1210,14907,NA,42,960.69,NA,4,4,NA
1211,14911,NA,419,15524.09,NA,5,5,NA
1212,14913,NA,17,300.87,NA,2,2,NA
1213,14916,NA,15,295.05,NA,2,2,NA
1214,14935,NA,10,1784.71,NA,2,5,NA
1215,14944,NA,26,754.29,NA,3,4,NA
1216,14952,NA,40,2183.83,NA,4,5,NA
1217,14959,NA,22,178.66,NA,3,1,NA
1218,14961,NA,84,2103.03,NA,5,5,NA
1219,14970,NA,5,337.5,NA,1,3,NA
1220,14976,NA,16,155.95,NA,2,1,NA
1221,14978,NA,108,1142.45,NA,5,5,NA
1222,14985,NA,45,124.51,NA,4,1,NA
1223,15002,NA,65,1147.59,NA,5,5,NA
1224,15005,NA,129,1103.51,NA,5,5,NA
1225,15023,NA,142,1805.74,NA,5,5,NA
1226,15024,NA,53,688.09,NA,5,4,NA
1227,15033,NA,61,570.07,NA,5,4,NA
1228,15034,NA,83,1673.11,NA,5,5,NA
1229,15039,NA,222,6831.47,NA,5,5,NA
1230,15044,NA,105,3218.2,NA,5,5,NA
1231,15046,NA,55,1229.04,NA,5,5,NA
1232,15052,NA,27,215.78,NA,3,2,NA
1233,15057,NA,22,1131,NA,3,5,NA
1234,15058,NA,74,478.07,NA,5,3,NA
1235,15059,NA,47,369.91,NA,4,3,NA
1236,15061,NA,54,23524.14,NA,5,5,NA
1237,15062,NA,23,460.98,NA,3,3,NA
1238,15065,NA,48,773.66,NA,4,4,NA
1239,15078,NA,66,2218.64,NA,5,5,NA
1240,15079,NA,26,509.24,NA,3,3,NA
1241,15093,NA,49,2603.21,NA,4,5,NA
1242,15101,NA,4,102.28,NA,1,1,NA
1243,15107,NA,12,319.5,NA,2,3,NA
1244,15110,NA,9,169.65,NA,1,1,NA
1245,15121,NA,18,295.15,NA,3,2,NA
1246,15122,NA,24,397.04,NA,3,3,NA
1247,15129,NA,14,355.4,NA,2,3,NA
1248,15144,NA,19,378.32,NA,3,3,NA
1249,15146,NA,63,834.22,NA,5,4,NA
1250,15157,NA,54,1085.46,NA,5,5,NA
1251,15159,NA,74,2698.12,NA,5,5,NA
1252,15160,NA,4,158.16,NA,1,1,NA
1253,15167,NA,39,163,NA,4,1,NA
1254,15174,NA,11,135.75,NA,2,1,NA
1255,15179,NA,44,1285.62,NA,4,5,NA
1256,15189,NA,13,1619.72,NA,2,5,NA
1257,15194,NA,104,2513.73,NA,5,5,NA
1258,15197,NA,3,556.5,NA,1,4,NA
1259,15204,NA,9,316.58,NA,1,3,NA
1260,15208,NA,3,65.4,NA,1,1,NA
1261,15213,NA,22,328.35,NA,3,3,NA
1262,15218,NA,28,581.66,NA,3,4,NA
1263,15222,NA,5,585,NA,1,4,NA
1264,15224,NA,13,322.08,NA,2,3,NA
1265,15227,NA,26,625.07,NA,3,4,NA
1266,15228,NA,32,904.85,NA,4,4,NA
1267,15235,NA,91,1460.94,NA,5,5,NA
1268,15236,NA,15,321.05,NA,2,3,NA
1269,15246,NA,12,186,NA,2,2,NA
1270,15262,NA,10,178.95,NA,2,1,NA
1271,15279,NA,19,290.51,NA,3,2,NA
1272,15281,NA,60,1014.57,NA,5,5,NA
1273,15290,NA,33,1099.13,NA,4,5,NA
1274,15291,NA,30,1417.19,NA,4,5,NA
1275,15296,NA,61,1199.33,NA,5,5,NA
1276,15298,NA,34,873.08,NA,4,4,NA
1277,15303,NA,31,574.02,NA,4,4,NA
1278,15311,NA,296,16100.16,NA,5,5,NA
1279,15312,NA,16,289.74,NA,2,2,NA
1280,15316,NA,1,165,NA,1,1,NA
1281,15321,NA,38,1159.47,NA,4,5,NA
1282,15339,NA,40,257.9,NA,4,2,NA
1283,15356,NA,96,619.73,NA,5,4,NA
1284,15358,NA,183,3456.9,NA,5,5,NA
1285,15361,NA,7,418.92,NA,1,3,NA
1286,15365,NA,12,208.61,NA,2,2,NA
1287,15366,NA,8,105.54,NA,1,1,NA
1288,15370,NA,36,754.22,NA,4,4,NA
1289,15373,NA,29,900,NA,3,4,NA
1290,15379,NA,120,2682.09,NA,5,5,NA
1291,15382,NA,65,1019.42,NA,5,5,NA
1292,15384,NA,20,303.57,NA,3,2,NA
1293,15392,NA,19,338.98,NA,3,3,NA
1294,15394,NA,24,587.66,NA,3,4,NA
1295,15395,NA,7,107.45,NA,1,1,NA
1296,15397,NA,6,94,NA,1,1,NA
1297,15415,NA,46,572.81,NA,4,4,NA
1298,15422,NA,6,97.7,NA,1,1,NA
1299,15443,NA,51,437.71,NA,4,3,NA
1300,15447,NA,9,155.17,NA,1,1,NA
1301,15448,NA,28,494.64,NA,3,3,NA
1302,15456,NA,48,447.22,NA,4,3,NA
1303,15460,NA,53,216.76,NA,5,2,NA
1304,15465,NA,25,2869.16,NA,3,5,NA
1305,15482,NA,7,723.64,NA,1,4,NA
1306,15497,NA,10,970.6,NA,2,4,NA
1307,15498,NA,179,4655.56,NA,5,5,NA
1308,15510,NA,1,250,NA,1,2,NA
1309,15512,NA,6,101.2,NA,1,1,NA
1310,15513,NA,45,2414.26,NA,4,5,NA
1311,15514,NA,43,2176.74,NA,4,5,NA
1312,15518,NA,59,630.65,NA,5,4,NA
1313,15527,NA,25,580.3,NA,3,4,NA
1314,15529,NA,74,570.89,NA,5,4,NA
1315,15532,NA,48,356.35,NA,4,3,NA
1316,15535,NA,33,292.54,NA,4,2,NA
1317,15543,NA,26,127.86,NA,3,1,NA
1318,15544,NA,71,1199.12,NA,5,5,NA
1319,15547,NA,127,1427.73,NA,5,5,NA
1320,15549,NA,57,942.1,NA,5,4,NA
1321,15555,NA,89,989.82,NA,5,5,NA
1322,15562,NA,1,134.55,NA,1,1,NA
1323,15563,NA,22,270.19,NA,3,2,NA
1324,15570,NA,130,1984.09,NA,5,5,NA
1325,15574,NA,125,590.15,NA,5,4,NA
1326,15579,NA,25,199.6,NA,3,2,NA
1327,15581,NA,44,325.96,NA,4,3,NA
1328,15587,NA,3,344.88,NA,1,3,NA
1329,15596,NA,44,1080.5,NA,4,5,NA
1330,15601,NA,132,3790.2,NA,5,5,NA
1331,15602,NA,10,404.75,NA,2,3,NA
1332,15605,NA,17,377.6,NA,3,3,NA
1333,15606,NA,30,1194.67,NA,4,5,NA
1334,15615,NA,61,2435.1,NA,5,5,NA
1335,15620,NA,31,424.49,NA,4,3,NA
1336,15626,NA,20,281.88,NA,3,2,NA
1337,15640,NA,107,4351.03,NA,5,5,NA
1338,15641,NA,48,762.16,NA,4,4,NA
1339,15656,NA,15,242.95,NA,2,2,NA
1340,15661,NA,4,309.8,NA,1,2,NA
1341,15670,NA,12,173.05,NA,2,1,NA
1342,15673,NA,34,969.95,NA,4,4,NA
1343,15687,NA,48,1032.55,NA,4,5,NA
1344,15689,NA,6,103.5,NA,1,1,NA
1345,15694,NA,20,1245.12,NA,3,5,NA
1346,15696,NA,63,1007.51,NA,5,5,NA
1347,15708,NA,79,1624.45,NA,5,5,NA
1348,15712,NA,18,299.8,NA,3,2,NA
1349,15722,NA,10,324.05,NA,2,3,NA
1350,15724,NA,5,103.65,NA,1,1,NA
1351,15727,NA,84,2091.6,NA,5,5,NA
1352,15738,NA,28,1285.14,NA,3,5,NA
1353,15755,NA,19,314.68,NA,3,3,NA
1354,15759,NA,5,185.04,NA,1,2,NA
1355,15769,NA,15,12786.48,NA,2,5,NA
1356,15777,NA,6,753.15,NA,1,4,NA
1357,15780,NA,12,177.15,NA,2,1,NA
1358,15785,NA,29,928.58,NA,3,4,NA
1359,15789,NA,25,351.3,NA,3,3,NA
1360,15797,NA,6,1510.2,NA,1,5,NA
1361,15805,NA,45,924.56,NA,4,4,NA
1362,15808,NA,142,3734.97,NA,5,5,NA
1363,15810,NA,26,377.32,NA,3,3,NA
1364,15811,NA,45,897.33,NA,4,4,NA
1365,15812,NA,2,244.8,NA,1,2,NA
1366,15820,NA,17,206.98,NA,3,2,NA
1367,15822,NA,16,440.2,NA,2,3,NA
1368,15827,NA,32,734.28,NA,4,4,NA
1369,15831,NA,17,309.94,NA,3,2,NA
1370,15835,NA,15,301.11,NA,2,2,NA
1371,15845,NA,36,1232.58,NA,4,5,NA
1372,15847,NA,9,180.68,NA,1,2,NA
1373,15854,NA,18,747.3,NA,3,4,NA
1374,15856,NA,46,4360.21,NA,4,5,NA
1375,15858,NA,91,816.22,NA,5,4,NA
1376,15864,NA,6,242.42,NA,1,2,NA
1377,15867,NA,126,1070.12,NA,5,5,NA
1378,15874,NA,5,584.35,NA,1,4,NA
1379,15881,NA,26,501.39,NA,3,3,NA
1380,15903,NA,16,161.28,NA,2,1,NA
1381,15910,NA,74,310.9,NA,5,2,NA
1382,15916,NA,43,575.06,NA,4,4,NA
1383,15932,NA,16,317.73,NA,2,3,NA
1384,15938,NA,5,74.9,NA,1,1,NA
1385,15939,NA,17,1364.1,NA,3,5,NA
1386,15950,NA,28,428.82,NA,3,3,NA
1387,15951,NA,22,375.17,NA,3,3,NA
1388,15967,NA,32,173.8,NA,4,1,NA
1389,15974,NA,41,917.19,NA,4,4,NA
1390,15983,NA,57,1148.27,NA,5,5,NA
1391,15984,NA,55,569.89,NA,5,4,NA
1392,15990,NA,23,401.37,NA,3,3,NA
1393,15996,NA,60,485.54,NA,5,3,NA
1394,16003,NA,20,1181,NA,3,5,NA
1395,16011,NA,46,753.19,NA,4,4,NA
1396,16013,NA,9,7846.4,NA,1,5,NA
1397,16014,NA,58,262.93,NA,5,2,NA
1398,16019,NA,50,1953.5,NA,4,5,NA
1399,16027,NA,3,399.72,NA,1,3,NA
1400,16029,NA,21,19452.27,NA,3,5,NA
1401,16033,NA,150,1897.72,NA,5,5,NA
1402,16037,NA,22,603.46,NA,3,4,NA
1403,16043,NA,17,307.85,NA,3,2,NA
1404,16045,NA,43,664.45,NA,4,4,NA
1405,16057,NA,40,683.98,NA,4,4,NA
1406,16059,NA,45,263.25,NA,4,2,NA
1407,16072,NA,23,584.32,NA,3,4,NA
1408,16073,NA,1,122.4,NA,1,1,NA
1409,16083,NA,17,337.98,NA,3,3,NA
1410,16084,NA,38,436.18,NA,4,3,NA
1411,16085,NA,28,181.35,NA,3,2,NA
1412,16086,NA,11,278.45,NA,2,2,NA
1413,16098,NA,16,852.4,NA,2,4,NA
1414,16115,NA,24,138.83,NA,3,1,NA
1415,16124,NA,11,249,NA,2,2,NA
1416,16126,NA,22,891.35,NA,3,4,NA
1417,16133,NA,22,630.91,NA,3,4,NA
1418,16134,NA,16,283.53,NA,2,2,NA
1419,16143,NA,42,1212.85,NA,4,5,NA
1420,16145,NA,47,978.92,NA,4,4,NA
1421,16148,NA,1,76.32,NA,1,1,NA
1422,16153,NA,10,215.01,NA,2,2,NA
1423,16161,NA,128,1315.94,NA,5,5,NA
1424,16168,NA,6,403.5,NA,1,3,NA
1425,16182,NA,4,825,NA,1,4,NA
1426,16187,NA,31,675.9,NA,4,4,NA
1427,16191,NA,22,2019.28,NA,3,5,NA
1428,16202,NA,18,365.27,NA,3,3,NA
1429,16206,NA,24,161.3,NA,3,1,NA
1430,16208,NA,40,497.59,NA,4,3,NA
1431,16210,NA,32,8876.94,NA,4,5,NA
1432,16222,NA,120,846.72,NA,5,4,NA
1433,16233,NA,9,326.5,NA,1,3,NA
1434,16235,NA,18,344.46,NA,3,3,NA
1435,16265,NA,108,2442.84,NA,5,5,NA
1436,16270,NA,54,1141.24,NA,5,5,NA
1437,16271,NA,16,133.22,NA,2,1,NA
1438,16306,NA,35,594.47,NA,4,4,NA
1439,16315,NA,14,226.37,NA,2,2,NA
1440,16316,NA,44,1131.27,NA,4,5,NA
1441,16317,NA,30,570.76,NA,4,4,NA
1442,16321,NA,5,223.65,NA,1,2,NA
1443,16326,NA,39,426.63,NA,4,3,NA
1444,16327,NA,73,1158.22,NA,5,5,NA
1445,16333,NA,7,4428.96,NA,1,5,NA
1446,16339,NA,17,109.95,NA,3,1,NA
1447,16349,NA,9,53.5,NA,1,1,NA
1448,16353,NA,7,1295.2,NA,1,5,NA
1449,16365,NA,7,368.46,NA,1,3,NA
1450,16378,NA,20,287.05,NA,3,2,NA
1451,16387,NA,4,94.36,NA,1,1,NA
1452,16393,NA,44,505.6,NA,4,3,NA
1453,16394,NA,26,312.41,NA,3,2,NA
1454,16395,NA,56,450.56,NA,5,3,NA
1455,16401,NA,17,665.8,NA,3,4,NA
1456,16403,NA,10,177.5,NA,2,1,NA
1457,16407,NA,37,540.34,NA,4,4,NA
1458,16409,NA,48,271.56,NA,4,2,NA
1459,16422,NA,44,7698.17,NA,4,5,NA
1460,16427,NA,4,109.8,NA,1,1,NA
1461,16431,NA,36,343.93,NA,4,3,NA
1462,16434,NA,25,401,NA,3,3,NA
1463,16441,NA,12,211,NA,2,2,NA
1464,16442,NA,44,151.66,NA,4,1,NA
1465,16455,NA,30,531.98,NA,4,4,NA
1466,16458,NA,19,567.4,NA,3,4,NA
1467,16466,NA,14,111.67,NA,2,1,NA
1468,16470,NA,39,216.34,NA,4,2,NA
1469,16473,NA,13,217.81,NA,2,2,NA
1470,16477,NA,59,961.71,NA,5,4,NA
1471,16493,NA,11,367.8,NA,2,3,NA
1472,16494,NA,47,826.53,NA,4,4,NA
1473,16496,NA,41,736.7,NA,4,4,NA
1474,16497,NA,27,512.38,NA,3,3,NA
1475,16499,NA,18,365.45,NA,3,3,NA
1476,16500,NA,1,165,NA,1,1,NA
1477,16503,NA,49,841.79,NA,4,4,NA
1478,16509,NA,13,363.7,NA,2,3,NA
1479,16518,NA,11,190.7,NA,2,2,NA
1480,16523,NA,26,743.9,NA,3,4,NA
1481,16525,NA,38,3064.13,NA,4,5,NA
1482,16531,NA,29,484.83,NA,3,3,NA
1483,16539,NA,29,747.25,NA,4,4,NA
1484,16546,NA,25,787.15,NA,3,4,NA
1485,16553,NA,24,1945.44,NA,3,5,NA
1486,16556,NA,56,950.99,NA,5,4,NA
1487,16558,NA,62,1445.86,NA,5,5,NA
1488,16560,NA,20,332.18,NA,3,3,NA
1489,16566,NA,2,94.9,NA,1,1,NA
1490,16573,NA,16,292.63,NA,2,2,NA
1491,16592,NA,29,455.28,NA,4,3,NA
1492,16593,NA,1,69.6,NA,1,1,NA
1493,16598,NA,10,145.05,NA,2,1,NA
1494,16607,NA,33,1102.78,NA,4,5,NA
1495,16618,NA,35,728.16,NA,4,4,NA
1496,16638,NA,49,957.44,NA,4,4,NA
1497,16656,NA,10,1398.32,NA,2,5,NA
1498,16660,NA,4,282.6,NA,1,2,NA
1499,16667,NA,20,203.35,NA,3,2,NA
1500,16668,NA,3,50.76,NA,1,1,NA
1501,16670,NA,75,1393.84,NA,5,5,NA
1502,16684,NA,44,9811.98,NA,4,5,NA
1503,16686,NA,156,705.75,NA,5,4,NA
1504,16692,NA,1,8.5,NA,1,1,NA
1505,16700,NA,67,1278.3,NA,5,5,NA
1506,16701,NA,22,1222.62,NA,3,5,NA
1507,16705,NA,54,3620.83,NA,5,5,NA
1508,16710,NA,87,647.58,NA,5,4,NA
1509,16711,NA,3,598.8,NA,1,4,NA
1510,16713,NA,105,1616.12,NA,5,5,NA
1511,16714,NA,76,1146.53,NA,5,5,NA
1512,16719,NA,62,752.51,NA,5,4,NA
1513,16722,NA,45,1113.88,NA,4,5,NA
1514,16725,NA,110,781.02,NA,5,4,NA
1515,16726,NA,68,603.79,NA,5,4,NA
1516,16730,NA,14,187.02,NA,2,2,NA
1517,16738,NA,1,3.75,NA,1,1,NA
1518,16743,NA,30,430.28,NA,4,3,NA
1519,16745,NA,76,1234.42,NA,5,5,NA
1520,16746,NA,84,1262.89,NA,5,5,NA
1521,16755,NA,16,316.06,NA,2,3,NA
1522,16757,NA,7,106.83,NA,1,1,NA
1523,16765,NA,1,34,NA,1,1,NA
1524,16767,NA,50,1866.02,NA,4,5,NA
1525,16770,NA,60,531.5,NA,5,4,NA
1526,16775,NA,32,577.1,NA,4,4,NA
1527,16779,NA,78,2497.73,NA,5,5,NA
1528,16782,NA,79,1010.39,NA,5,5,NA
1529,16805,NA,55,214.77,NA,5,2,NA
1530,16812,NA,15,479.35,NA,2,3,NA
1531,16814,NA,63,2120.11,NA,5,5,NA
1532,16816,NA,20,325.45,NA,3,3,NA
1533,16817,NA,14,367.3,NA,2,3,NA
1534,16838,NA,14,392.12,NA,2,3,NA
1535,16839,NA,34,3298.65,NA,4,5,NA
1536,16841,NA,22,317.38,NA,3,3,NA
1537,16843,NA,44,1999.46,NA,4,5,NA
1538,16875,NA,41,805.09,NA,4,4,NA
1539,16882,NA,1,9.9,NA,1,1,NA
1540,16885,NA,27,190.65,NA,3,2,NA
1541,16897,NA,37,289.78,NA,4,2,NA
1542,16899,NA,16,170.55,NA,2,1,NA
1543,16904,NA,94,632.41,NA,5,4,NA
1544,16907,NA,51,432.7,NA,4,3,NA
1545,16912,NA,28,757.64,NA,3,4,NA
1546,16913,NA,8,113.44,NA,1,1,NA
1547,16918,NA,31,275.78,NA,4,2,NA
1548,16919,NA,54,540.01,NA,5,4,NA
1549,16923,NA,108,1881.34,NA,5,5,NA
1550,16927,NA,5,341.45,NA,1,3,NA
1551,16928,NA,7,330,NA,1,3,NA
1552,16931,NA,155,882.19,NA,5,4,NA
1553,16940,NA,82,757.68,NA,5,4,NA
1554,16943,NA,21,451.03,NA,3,3,NA
1555,16945,NA,34,780.64,NA,4,4,NA
1556,16948,NA,5,69.6,NA,1,1,NA
1557,16949,NA,5,74.42,NA,1,1,NA
1558,16954,NA,12,346.8,NA,2,3,NA
1559,16979,NA,11,347.15,NA,2,3,NA
1560,16980,NA,67,732.36,NA,5,4,NA
1561,16983,NA,22,358.75,NA,3,3,NA
1562,16985,NA,30,1273.56,NA,4,5,NA
1563,16992,NA,26,421.6,NA,3,3,NA
1564,16996,NA,4,127.54,NA,1,1,NA
1565,16997,NA,7,702,NA,1,4,NA
1566,17001,NA,36,1106.09,NA,4,5,NA
1567,17002,NA,17,513.06,NA,3,3,NA
1568,17007,NA,12,207.12,NA,2,2,NA
1569,17017,NA,54,2885.96,NA,5,5,NA
1570,17018,NA,6,405,NA,1,3,NA
1571,17019,NA,81,629.91,NA,5,4,NA
1572,17027,NA,68,443.88,NA,5,3,NA
1573,17033,NA,8,307.8,NA,1,2,NA
1574,17034,NA,6,141.8,NA,1,1,NA
1575,17041,NA,17,304.5,NA,3,2,NA
1576,17050,NA,124,1513.71,NA,5,5,NA
1577,17062,NA,52,538.37,NA,5,4,NA
1578,17063,NA,20,319.37,NA,3,3,NA
1579,17064,NA,21,147.85,NA,3,1,NA
1580,17068,NA,56,1037.85,NA,5,5,NA
1581,17069,NA,22,583.2,NA,3,4,NA
1582,17075,NA,43,562.6,NA,4,4,NA
1583,17082,NA,24,636.94,NA,3,4,NA
1584,17083,NA,22,996.02,NA,3,5,NA
1585,17085,NA,86,974.4,NA,5,4,NA
1586,17090,NA,11,462,NA,2,3,NA
1587,17091,NA,50,888.15,NA,4,4,NA
1588,17094,NA,14,302,NA,2,2,NA
1589,17095,NA,33,543.96,NA,4,4,NA
1590,17097,NA,60,287.64,NA,5,2,NA
1591,17114,NA,43,270.19,NA,4,2,NA
1592,17117,NA,9,116.2,NA,2,1,NA
1593,17118,NA,10,157.02,NA,2,1,NA
1594,17126,NA,99,515.27,NA,5,3,NA
1595,17135,NA,19,500.55,NA,3,3,NA
1596,17139,NA,131,2639.38,NA,5,5,NA
1597,17146,NA,16,298.25,NA,2,2,NA
1598,17158,NA,25,413.79,NA,3,3,NA
1599,17165,NA,10,158.68,NA,2,1,NA
1600,17171,NA,16,224.91,NA,2,2,NA
1601,17175,NA,27,519.08,NA,3,3,NA
1602,17179,NA,20,243,NA,3,2,NA
1603,17180,NA,53,247.54,NA,5,2,NA
1604,17188,NA,33,1424.44,NA,4,5,NA
1605,17189,NA,36,227.22,NA,4,2,NA
1606,17194,NA,26,252.62,NA,3,2,NA
1607,17211,NA,62,779.71,NA,5,4,NA
1608,17213,NA,40,936.95,NA,4,4,NA
1609,17214,NA,40,453.1,NA,4,3,NA
1610,17218,NA,78,775.63,NA,5,4,NA
1611,17220,NA,63,637.5,NA,5,4,NA
1612,17230,NA,44,3435.01,NA,4,5,NA
1613,17231,NA,107,715.58,NA,5,4,NA
1614,17236,NA,33,445.37,NA,4,3,NA
1615,17238,NA,78,508.64,NA,5,3,NA
1616,17239,NA,15,382.5,NA,2,3,NA
1617,17243,NA,70,2110,NA,5,5,NA
1618,17255,NA,36,112.46,NA,4,1,NA
1619,17256,NA,9,127.9,NA,2,1,NA
1620,17277,NA,52,717.02,NA,5,4,NA
1621,17282,NA,78,741.85,NA,5,4,NA
1622,17288,NA,9,290.52,NA,2,2,NA
1623,17293,NA,23,469.35,NA,3,3,NA
1624,17303,NA,53,250.04,NA,5,2,NA
1625,17306,NA,7,1674.88,NA,1,5,NA
1626,17311,NA,24,556.46,NA,3,4,NA
1627,17314,NA,26,566.2,NA,3,4,NA
1628,17315,NA,91,1179.15,NA,5,5,NA
1629,17323,NA,31,141.69,NA,4,1,NA
1630,17329,NA,16,243.36,NA,2,2,NA
1631,17338,NA,181,2656.15,NA,5,5,NA
1632,17340,NA,115,4360.39,NA,5,5,NA
1633,17343,NA,17,193.64,NA,3,2,NA
1634,17346,NA,51,353.41,NA,4,3,NA
1635,17348,NA,36,160.15,NA,4,1,NA
1636,17358,NA,55,365.85,NA,5,3,NA
1637,17361,NA,1,45,NA,1,1,NA
1638,17364,NA,91,940.79,NA,5,4,NA
1639,17368,NA,21,694,NA,3,4,NA
1640,17371,NA,7,97.63,NA,1,1,NA
1641,17372,NA,90,533.18,NA,5,4,NA
1642,17373,NA,17,145.25,NA,3,1,NA
1643,17375,NA,41,286.37,NA,4,2,NA
1644,17377,NA,56,1133.83,NA,5,5,NA
1645,17381,NA,37,9199.42,NA,4,5,NA
1646,17388,NA,1,381.6,NA,1,3,NA
1647,17389,NA,12,1004.46,NA,2,5,NA
1648,17392,NA,53,457.91,NA,5,3,NA
1649,17400,NA,37,424.17,NA,4,3,NA
1650,17402,NA,24,571.87,NA,3,4,NA
1651,17404,NA,38,6773.06,NA,4,5,NA
1652,17412,NA,26,589.12,NA,3,4,NA
1653,17418,NA,12,167.39,NA,2,1,NA
1654,17419,NA,60,1366.55,NA,5,5,NA
1655,17422,NA,17,321.25,NA,3,3,NA
1656,17428,NA,79,3620.82,NA,5,5,NA
1657,17431,NA,41,403.3,NA,4,3,NA
1658,17442,NA,28,440.83,NA,3,3,NA
1659,17449,NA,99,1022.6,NA,5,5,NA
1660,17454,NA,38,298.1,NA,4,2,NA
1661,17460,NA,8,203.8,NA,1,2,NA
1662,17462,NA,14,463.41,NA,2,3,NA
1663,17463,NA,87,709.51,NA,5,4,NA
1664,17472,NA,95,451.02,NA,5,3,NA
1665,17491,NA,13,632.92,NA,2,4,NA
1666,17496,NA,10,271.05,NA,2,2,NA
1667,17499,NA,40,622.88,NA,4,4,NA
1668,17504,NA,33,787.43,NA,4,4,NA
1669,17511,NA,170,18356.86,NA,5,5,NA
1670,17512,NA,29,651.21,NA,4,4,NA
1671,17515,NA,31,231.48,NA,4,2,NA
1672,17516,NA,61,327.83,NA,5,3,NA
1673,17524,NA,6,145,NA,1,1,NA
1674,17525,NA,9,422.7,NA,2,3,NA
1675,17526,NA,9,872.8,NA,2,4,NA
1676,17530,NA,121,645.33,NA,5,4,NA
1677,17540,NA,8,268.8,NA,1,2,NA
1678,17551,NA,39,306.84,NA,4,2,NA
1679,17567,NA,70,1478.18,NA,5,5,NA
1680,17571,NA,44,359.95,NA,4,3,NA
1681,17576,NA,67,739.09,NA,5,4,NA
1682,17580,NA,43,168.02,NA,4,1,NA
1683,17581,NA,88,2064.98,NA,5,5,NA
1684,17591,NA,74,867.71,NA,5,4,NA
1685,17593,NA,26,662.9,NA,3,4,NA
1686,17602,NA,101,767.05,NA,5,4,NA
1687,17604,NA,27,136.24,NA,3,1,NA
1688,17609,NA,103,537.69,NA,5,4,NA
1689,17611,NA,189,1063.07,NA,5,5,NA
1690,17612,NA,18,305.46,NA,3,2,NA
1691,17613,NA,49,897.51,NA,4,4,NA
1692,17619,NA,71,218.52,NA,5,2,NA
1693,17621,NA,15,901.78,NA,2,4,NA
1694,17629,NA,11,238.65,NA,2,2,NA
1695,17655,NA,33,1296.7,NA,4,5,NA
1696,17659,NA,20,474.95,NA,3,3,NA
1697,17663,NA,19,371.39,NA,3,3,NA
1698,17667,NA,53,928.05,NA,5,4,NA
1699,17673,NA,44,402.42,NA,4,3,NA
1700,17675,NA,51,3646.74,NA,4,5,NA
1701,17677,NA,49,2728.95,NA,4,5,NA
1702,17685,NA,33,1186.22,NA,4,5,NA
1703,17690,NA,71,1583.4,NA,5,5,NA
1704,17691,NA,18,290.4,NA,3,2,NA
1705,17692,NA,29,453.96,NA,4,3,NA
1706,17706,NA,51,888.85,NA,4,4,NA
1707,17708,NA,25,110.6,NA,3,1,NA
1708,17711,NA,13,220.53,NA,2,2,NA
1709,17714,NA,10,153,NA,2,1,NA
1710,17722,NA,74,1743.58,NA,5,5,NA
1711,17730,NA,28,687.04,NA,3,4,NA
1712,17735,NA,85,1896.02,NA,5,5,NA
1713,17739,NA,12,682.59,NA,2,4,NA
1714,17744,NA,41,1008.4,NA,4,5,NA
1715,17752,NA,1,80.64,NA,1,1,NA
1716,17757,NA,113,1277.57,NA,5,5,NA
1717,17769,NA,94,884.76,NA,5,4,NA
1718,17771,NA,22,115.8,NA,3,1,NA
1719,17786,NA,24,114.85,NA,3,1,NA
1720,17787,NA,87,1716.17,NA,5,5,NA
1721,17790,NA,21,516.35,NA,3,3,NA
1722,17796,NA,60,622,NA,5,4,NA
1723,17799,NA,103,1010.71,NA,5,5,NA
1724,17811,NA,208,2936.22,NA,5,5,NA
1725,17819,NA,23,1836.12,NA,3,5,NA
1726,17829,NA,30,889.24,NA,4,4,NA
1727,17830,NA,11,188.5,NA,2,2,NA
1728,17838,NA,64,1687.7,NA,5,5,NA
1729,17841,NA,408,5777.4,NA,5,5,NA
1730,17848,NA,13,213.91,NA,2,2,NA
1731,17857,NA,6,2127.54,NA,1,5,NA
1732,17858,NA,28,2108,NA,3,5,NA
1733,17861,NA,8,241.86,NA,1,2,NA
1734,17862,NA,11,330.9,NA,2,3,NA
1735,17865,NA,84,2331.35,NA,5,5,NA
1736,17867,NA,1,25.5,NA,1,1,NA
1737,17888,NA,16,122.13,NA,2,1,NA
1738,17889,NA,11,101.85,NA,2,1,NA
1739,17890,NA,88,602.09,NA,5,4,NA
1740,17894,NA,95,867.85,NA,5,4,NA
1741,17905,NA,27,394.15,NA,3,3,NA
1742,17912,NA,35,311.01,NA,4,2,NA
1743,17913,NA,31,218.05,NA,4,2,NA
1744,17920,NA,73,895.76,NA,5,4,NA
1745,17937,NA,19,2693.88,NA,3,5,NA
1746,17949,NA,2,3820.5,NA,1,5,NA
1747,17951,NA,9,409.5,NA,2,3,NA
1748,17954,NA,130,709.61,NA,5,4,NA
1749,17961,NA,89,612.93,NA,5,4,NA
1750,17965,NA,110,1059.93,NA,5,5,NA
1751,17969,NA,7,125.2,NA,1,1,NA
1752,17975,NA,71,1379.73,NA,5,5,NA
1753,17980,NA,15,295.2,NA,2,2,NA
1754,17988,NA,13,64.99,NA,2,1,NA
1755,17990,NA,10,316,NA,2,3,NA
1756,17994,NA,43,307.25,NA,4,2,NA
1757,18008,NA,9,130.81,NA,2,1,NA
1758,18016,NA,37,324.75,NA,4,3,NA
1759,18037,NA,8,39.55,NA,1,1,NA
1760,18041,NA,120,1706.07,NA,5,5,NA
1761,18044,NA,15,146.37,NA,2,1,NA
1762,18050,NA,5,74.4,NA,1,1,NA
1763,18055,NA,93,2394.03,NA,5,5,NA
1764,18056,NA,19,363.65,NA,3,3,NA
1765,18061,NA,9,817.33,NA,2,4,NA
1766,18065,NA,43,750.05,NA,4,4,NA
1767,18068,NA,1,101.7,NA,1,1,NA
1768,18069,NA,72,297.66,NA,5,2,NA
1769,18075,NA,35,867.5,NA,4,4,NA
1770,18077,NA,46,711.46,NA,4,4,NA
1771,18085,NA,25,689.95,NA,3,4,NA
1772,18087,NA,1,3202.92,NA,1,5,NA
1773,18092,NA,11,3111.84,NA,2,5,NA
1774,18093,NA,21,1117.52,NA,3,5,NA
1775,18094,NA,16,504.72,NA,2,3,NA
1776,18095,NA,20,580.05,NA,3,4,NA
1777,18097,NA,15,657.18,NA,2,4,NA
1778,18106,NA,33,430.7,NA,4,3,NA
1779,18109,NA,41,1213.57,NA,4,5,NA
1780,18114,NA,28,220.1,NA,3,2,NA
1781,18116,NA,146,827.52,NA,5,4,NA
1782,18118,NA,248,1450.55,NA,5,5,NA
1783,18125,NA,110,732.21,NA,5,4,NA
1784,18136,NA,18,288.99,NA,3,2,NA
1785,18138,NA,8,152.65,NA,1,1,NA
1786,18144,NA,9,660.05,NA,2,4,NA
1787,18145,NA,42,609.01,NA,4,4,NA
1788,18151,NA,17,312.55,NA,3,2,NA
1789,18155,NA,8,113.93,NA,1,1,NA
1790,18161,NA,15,301.53,NA,2,2,NA
1791,18168,NA,52,644.29,NA,5,4,NA
1792,18172,NA,59,1978.38,NA,5,5,NA
1793,18176,NA,30,476.35,NA,4,3,NA
1794,18179,NA,35,622.9,NA,4,4,NA
1795,18188,NA,16,426.6,NA,2,3,NA
1796,18190,NA,9,171.46,NA,2,1,NA
1797,18196,NA,78,450.78,NA,5,3,NA
1798,18198,NA,31,907.32,NA,4,4,NA
1799,18212,NA,30,248.42,NA,4,2,NA
1800,18219,NA,20,484.37,NA,3,3,NA
1801,18223,NA,61,1674.84,NA,5,5,NA
1802,18229,NA,15,1372.9,NA,2,5,NA
1803,18231,NA,10,291,NA,2,2,NA
1804,18233,NA,1,440,NA,1,3,NA
1805,18239,NA,48,918.52,NA,4,4,NA
1806,18245,NA,54,804.91,NA,5,4,NA
1807,18257,NA,16,363.8,NA,2,3,NA
1808,18260,NA,37,787.77,NA,4,4,NA
1809,18283,NA,104,317.9,NA,5,3,NA
